date, pm25, pm10, o3, no2, so2, co,location
01-09-2023,67,60,8,11,4,6,btm
01-08-2023,68,34,8,11,3,6,btm
02-08-2023,68,29,8,11,4,6,btm
03-08-2023,71,24,8,11,3,6,btm
04-08-2023,71,24,8,11,3,6,btm
05-08-2023,71,22,8,11,4,6,btm
06-08-2023,71,32,8,11,3,6,btm
07-08-2023,71,28,8,11,3,6,btm
08-08-2023,71,40,8,11,3,6,btm
09-08-2023,71,35,8,11,3,6,btm
10-08-2023,61,38,8,11,3,6,btm
11-08-2023,73,39,8,11,3,6,btm
12-08-2023,73,32,8,11,3,6,btm
13-08-2023,74,29,8,11,3,6,btm
14-08-2023,74,37,8,11,4,6,btm
15-08-2023,74,39,9,11,4,6,btm
16-08-2023,74,33,8,11,3,6,btm
17-08-2023,74,26,8,11,3,6,btm
18-08-2023,73,29,8,11,3,6,btm
19-08-2023,74,28,8,11,4,6,btm
20-08-2023,74,31,8,11,3,6,btm
21-08-2023,73,39,9,11,3,6,btm
22-08-2023,82,34,8,11,4,6,btm
23-08-2023,93,35,8,11,3,6,btm
24-08-2023,93,32,9,11,3,6,btm
25-08-2023,78,26,8,11,3,6,btm
26-08-2023,67,23,8,11,3,6,btm
27-08-2023,67,35,8,11,3,6,btm
28-08-2023,67,29,8,11,3,6,btm
29-08-2023,67,25,9,11,3,6,btm
30-08-2023,67,34,9,11,3,6,btm
31-08-2023,67,22,8,11,3,6,btm
01-07-2023,53,25,8,11,3,6,btm
02-07-2023,51,17,8,11,3,6,btm
03-07-2023,35,12,8,11,3,6,btm
04-07-2023,25,13,9,11,3,6,btm
05-07-2023,28,13,8,11,3,6,btm
06-07-2023,28,15,8,11,3,6,btm
07-07-2023,31,12,9,11,3,6,btm
08-07-2023,25,19,8,11,3,6,btm
09-07-2023,39,21,9,11,3,6,btm
10-07-2023,44,21,8,11,3,6,btm
11-07-2023,43,22,9,11,3,6,btm
15-07-2023,64,26,8,11,3,6,btm
16-07-2023,68,25,8,11,4,6,btm
17-07-2023,68,29,9,11,3,6,btm
18-07-2023,68,26,8,11,3,6,btm
19-07-2023,67,40,9,11,4,6,btm
20-07-2023,68,46,8,11,3,6,btm
21-07-2023,68,26,8,11,4,6,btm
22-07-2023,68,23,8,11,3,6,btm
23-07-2023,68,20,8,11,3,6,btm
24-07-2023,68,37,8,11,3,6,btm
25-07-2023,68,24,8,11,4,6,btm
27-07-2023,67,28,8,11,4,6,btm
28-07-2023,68,33,8,11,3,6,btm
29-07-2023,68,31,8,11,3,6,btm
30-07-2023,68,30,8,11,3,6,btm
31-07-2023,68,34,8,11,4,6,btm
03-04-2023,85,31,8,10,1,6,btm
04-04-2023,65,42,9,10,2,6,btm
05-04-2023,70,40,9,10,2,6,btm
06-04-2023,67,42,13,10,3,6,btm
07-04-2023,73,38,8,12,3,6,btm
08-04-2023,67,35,11,11,2,6,btm
09-04-2023,63,28,9,10,3,6,btm
10-04-2023,53,30,13,8,5,6,btm
11-04-2023,55,42,10,8,8,6,btm
12-04-2023,71,47,16,8,3,6,btm
13-04-2023,79,57,9,8,4,6,btm
14-04-2023,95,50,9,8,3,6,btm
15-04-2023,82,53,9,10,3,6,btm
16-04-2023,88,48,13,8,1,6,btm
17-04-2023,79,49,12,6,2,6,btm
18-04-2023,82,48,14,6,3,6,btm
19-04-2023,80,46,10,6,2,6,btm
20-04-2023,80,47,16,9,2,6,btm
21-04-2023,79,46,9,12,3,6,btm
22-04-2023,75,38,8,12,2,6,btm
23-04-2023,66,29,9,12,2,6,btm
24-04-2023,54,23,8,12,2,6,btm
25-04-2023,46,27,8,11,2,6,btm
26-04-2023,54,36,9,11,3,6,btm
27-04-2023,64,31,8,11,2,6,btm
28-04-2023,56,47,9,11,2,6,btm
29-04-2023,78,23,9,11,2,6,btm
30-04-2023,46,24,8,11,3,6,btm
01-05-2023,47,20,8,11,2,6,btm
02-05-2023,42,22,9,11,2,6,btm
03-05-2023,42,66,9,11,3,6,btm
04-05-2023,71,25,8,11,2,6,btm
05-05-2023,49,29,8,11,1,6,btm
06-05-2023,56,23,8,11,2,6,btm
07-05-2023,46,30,8,11,2,6,btm
08-05-2023,57,23,8,11,3,6,btm
09-05-2023,46,27,8,11,2,6,btm
10-05-2023,54,38,9,11,3,6,btm
11-05-2023,67,29,8,11,4,6,btm
12-05-2023,56,32,9,11,3,6,btm
13-05-2023,60,30,9,11,3,6,btm
14-05-2023,58,40,9,11,4,6,btm
15-05-2023,69,46,8,11,4,6,btm
16-05-2023,77,49,9,11,3,6,btm
17-05-2023,82,41,9,11,4,6,btm
18-05-2023,69,37,8,11,4,6,btm
19-05-2023,65,25,9,11,3,6,btm
22-05-2023,60,29,10,11,3,6,btm
23-05-2023,55,39,9,11,4,6,btm
24-05-2023,67,32,10,11,3,6,btm
25-05-2023,60,28,8,11,3,6,btm
26-05-2023,55,33,8,11,2,6,btm
27-05-2023,61,32,8,11,3,6,btm
28-05-2023,59,37,8,11,3,6,btm
29-05-2023,66,42,9,11,3,6,btm
30-05-2023,73,30,9,11,3,6,btm
31-05-2023,55,30,8,11,3,6,btm
01-06-2023,56,37,8,11,3,6,btm
02-06-2023,65,46,8,11,3,6,btm
03-06-2023,76,38,8,11,3,6,btm
04-06-2023,66,36,9,11,3,6,btm
05-06-2023,64,31,9,11,3,6,btm
06-06-2023,59,27,8,11,3,6,btm
07-06-2023,54,19,9,11,3,6,btm
08-06-2023,41,15,9,11,3,6,btm
09-06-2023,33,12,9,11,3,6,btm
10-06-2023,27,13,8,11,3,6,btm
11-06-2023,28,20,8,11,3,6,btm
12-06-2023,42,28,8,11,3,6,btm
13-06-2023,53,31,8,11,3,6,btm
14-06-2023,57,29,8,11,3,6,btm
15-06-2023,56,30,8,11,3,6,btm
16-06-2023,57,40,8,11,3,6,btm
17-06-2023,68,29,8,11,3,6,btm
18-06-2023,55,32,8,11,3,6,btm
19-06-2023,60,29,8,11,3,6,btm
20-06-2023,55,38,8,11,3,6,btm
21-06-2023,67,28,9,11,3,6,btm
22-06-2023,55,23,8,11,3,6,btm
23-06-2023,48,19,8,11,3,6,btm
24-06-2023,42,19,8,11,3,6,btm
25-06-2023,41,18,9,11,3,6,btm
26-06-2023,39,20,8,11,3,6,btm
27-06-2023,43,12,8,11,3,6,btm
28-06-2023,25,13,8,11,3,6,btm
29-06-2023,28,19,8,11,3,6,btm
30-06-2023,40,27,8,11,3,6,btm
02-01-2023,78,37,11,7,4,6,btm
03-01-2023,97,42,11,7,4,6,btm
04-01-2023,110,38,11,7,5,6,btm
05-01-2023,96,45,11,7,4,6,btm
06-01-2023,113,46,11,7,4,6,btm
07-01-2023,106,57,11,7,4,6,btm
08-01-2023,134,57,11,7,5,6,btm
09-01-2023,132,49,11,7,4,6,btm
10-01-2023,106,53,11,7,6,6,btm
11-01-2023,119,48,11,7,4,6,btm
16-01-2023,57,44,7,9,3,6,btm
17-01-2023,66,35,7,9,2,6,btm
18-01-2023,76,51,7,9,2,6,btm
19-01-2023,73,46,7,9,3,6,btm
20-01-2023,76,48,7,9,3,6,btm
21-01-2023,77,43,7,9,2,6,btm
22-01-2023,77,43,7,9,3,6,btm
23-01-2023,79,35,7,9,3,6,btm
24-01-2023,80,39,7,9,3,6,btm
25-01-2023,80,50,7,9,3,6,btm
26-01-2023,80,53,7,9,2,6,btm
27-01-2023,90,53,7,9,2,6,btm
28-01-2023,101,58,7,9,2,6,btm
29-01-2023,119,57,7,9,3,6,btm
30-01-2023,108,57,7,9,2,6,btm
31-01-2023,93,67,8,9,3,6,btm
01-02-2023,137,67,7,9,2,6,btm
02-02-2023,137,66,7,9,2,6,btm
03-02-2023,134,60,7,9,2,6,btm
04-02-2023,108,63,7,9,2,6,btm
05-02-2023,118,63,7,9,2,6,btm
06-02-2023,116,69,8,9,2,6,btm
07-02-2023,141,68,9,9,2,6,btm
08-02-2023,141,64,7,9,2,6,btm
01-09-2023,118,60,16,5,2,7,bapuji nagar
01-08-2023,82,59,26,6,2,6,bapuji nagar
02-08-2023,95,51,17,6,2,6,bapuji nagar
03-08-2023,82,43,26,8,2,7,bapuji nagar
04-08-2023,74,41,13,6,2,5,bapuji nagar
05-08-2023,72,32,8,4,2,4,bapuji nagar
06-08-2023,64,32,5,4,2,4,bapuji nagar
07-08-2023,65,35,7,4,2,4,bapuji nagar
08-08-2023,67,83,5,4,2,6,bapuji nagar
09-08-2023,111,40,7,3,2,3,bapuji nagar
10-08-2023,71,47,7,3,2,3,bapuji nagar
11-08-2023,79,57,6,4,2,4,bapuji nagar
12-08-2023,90,42,7,4,2,4,bapuji nagar
13-08-2023,73,41,7,4,2,4,bapuji nagar
14-08-2023,176,57,7,4,2,4,bapuji nagar
15-08-2023,81,46,8,4,2,5,bapuji nagar
16-08-2023,97,49,9,3,2,4,bapuji nagar
17-08-2023,94,53,7,4,2,4,bapuji nagar
18-08-2023,99,64,10,4,2,4,bapuji nagar
19-08-2023,120,55,9,4,2,6,bapuji nagar
20-08-2023,105,56,11,4,2,4,bapuji nagar
21-08-2023,116,54,10,4,2,4,bapuji nagar
22-08-2023,103,46,8,4,2,5,bapuji nagar
23-08-2023,93,50,9,4,2,6,bapuji nagar
24-08-2023,98,63,6,5,2,9,bapuji nagar
25-08-2023,109,47,12,4,2,4,bapuji nagar
26-08-2023,99,37,7,7,2,5,bapuji nagar
27-08-2023,138,63,2,5,2,6,bapuji nagar
28-08-2023,130,66,2,4,2,5,bapuji nagar
29-08-2023,141,68,2,5,2,6,bapuji nagar
30-08-2023,147,63,2,4,2,5,bapuji nagar
31-08-2023,134,72,2,6,2,6,bapuji nagar
01-07-2023,142,76,2,7,2,7,bapuji nagar
02-07-2023,140,62,2,5,2,6,bapuji nagar
03-07-2023,125,56,2,5,2,7,bapuji nagar
04-07-2023,109,51,2,5,2,7,bapuji nagar
05-07-2023,109,58,2,6,2,7,bapuji nagar
06-07-2023,123,50,1,5,2,6,bapuji nagar
07-07-2023,92,43,2,5,2,7,bapuji nagar
08-07-2023,71,42,2,6,2,5,bapuji nagar
09-07-2023,94,60,3,10,2,5,bapuji nagar
10-07-2023,114,87,2,14,2,10,bapuji nagar
11-07-2023,167,72,2,7,2,5,bapuji nagar
15-07-2023,146,71,2,5,2,5,bapuji nagar
16-07-2023,136,58,2,7,2,7,bapuji nagar
17-07-2023,120,53,2,6,2,5,bapuji nagar
18-07-2023,111,65,2,6,2,5,bapuji nagar
19-07-2023,144,66,2,5,2,5,bapuji nagar
20-07-2023,118,95,2,12,2,8,bapuji nagar
21-07-2023,156,66,2,8,2,8,bapuji nagar
22-07-2023,120,75,2,5,2,8,bapuji nagar
23-07-2023,135,64,2,10,2,8,bapuji nagar
24-07-2023,100,55,2,9,2,9,bapuji nagar
25-07-2023,96,53,2,11,2,8,bapuji nagar
27-07-2023,96,53,3,12,2,8,bapuji nagar
28-07-2023,77,56,2,10,2,8,bapuji nagar
29-07-2023,98,64,2,11,2,8,bapuji nagar
30-07-2023,109,60,2,7,2,8,bapuji nagar
31-07-2023,81,67,2,7,2,7,bapuji nagar
03-04-2023,101,63,2,8,3,10,bapuji nagar
04-04-2023,80,56,2,7,2,7,bapuji nagar
05-04-2023,72,41,2,7,2,7,bapuji nagar
06-04-2023,61,44,2,6,3,10,bapuji nagar
07-04-2023,51,80,2,6,2,10,bapuji nagar
08-04-2023,108,60,2,6,2,9,bapuji nagar
09-04-2023,67,54,2,6,1,6,bapuji nagar
10-04-2023,68,50,2,10,2,7,bapuji nagar
11-04-2023,71,39,2,9,2,8,bapuji nagar
12-04-2023,53,28,2,6,2,8,bapuji nagar
13-04-2023,35,62,2,6,2,7,bapuji nagar
14-04-2023,67,65,2,9,2,8,bapuji nagar
15-04-2023,69,44,2,5,2,8,bapuji nagar
16-04-2023,52,90,2,6,2,8,bapuji nagar
17-04-2023,136,81,2,5,2,8,bapuji nagar
18-04-2023,113,77,2,6,2,7,bapuji nagar
19-04-2023,107,69,2,6,2,8,bapuji nagar
20-04-2023,91,66,2,6,2,8,bapuji nagar
21-04-2023,94,60,2,5,2,7,bapuji nagar
22-04-2023,85,49,2,4,2,8,bapuji nagar
23-04-2023,70,57,2,6,2,7,bapuji nagar
24-04-2023,75,44,2,6,2,8,bapuji nagar
25-04-2023,59,59,2,7,2,8,bapuji nagar
26-04-2023,75,54,2,6,2,7,bapuji nagar
27-04-2023,76,52,2,5,2,7,bapuji nagar
28-04-2023,70,52,1,9,2,8,bapuji nagar
29-04-2023,85,41,2,5,2,8,bapuji nagar
30-04-2023,69,46,9,10,2,4,bapuji nagar
01-05-2023,70,40,2,5,2,4,bapuji nagar
02-05-2023,57,33,2,4,2,4,bapuji nagar
03-05-2023,55,46,2,2,2,4,bapuji nagar
04-05-2023,42,36,2,3,2,4,bapuji nagar
05-05-2023,62,37,2,4,2,4,bapuji nagar
06-05-2023,58,35,2,5,1,4,bapuji nagar
07-05-2023,52,36,2,4,2,4,bapuji nagar
08-05-2023,54,36,2,5,1,3,bapuji nagar
09-05-2023,53,34,2,6,2,5,bapuji nagar
10-05-2023,49,22,2,4,2,4,bapuji nagar
11-05-2023,23,33,3,4,2,4,bapuji nagar
12-05-2023,46,35,2,5,2,4,bapuji nagar
13-05-2023,59,41,2,4,2,4,bapuji nagar
14-05-2023,63,60,4,5,1,4,bapuji nagar
15-05-2023,98,45,3,3,2,3,bapuji nagar
16-05-2023,76,48,2,4,3,4,bapuji nagar
17-05-2023,71,50,2,3,2,4,bapuji nagar
18-05-2023,67,46,2,4,2,3,bapuji nagar
19-05-2023,61,51,2,4,2,3,bapuji nagar
22-05-2023,78,40,2,3,1,4,bapuji nagar
23-05-2023,61,34,2,4,1,4,bapuji nagar
24-05-2023,49,51,2,4,2,5,bapuji nagar
25-05-2023,130,69,3,6,2,8,bapuji nagar
26-05-2023,149,67,3,8,2,8,bapuji nagar
27-05-2023,154,60,3,7,2,6,bapuji nagar
28-05-2023,140,52,2,5,1,6,bapuji nagar
29-05-2023,123,47,2,3,1,4,bapuji nagar
30-05-2023,118,48,3,3,1,4,bapuji nagar
31-05-2023,125,50,3,5,2,5,bapuji nagar
01-06-2023,118,42,2,4,1,5,bapuji nagar
02-06-2023,113,50,2,4,1,5,bapuji nagar
03-06-2023,124,51,3,4,2,6,bapuji nagar
04-06-2023,119,61,2,5,2,10,bapuji nagar
05-06-2023,139,52,3,4,1,5,bapuji nagar
06-06-2023,136,35,3,3,2,3,bapuji nagar
07-06-2023,101,40,2,5,1,5,bapuji nagar
08-06-2023,91,55,3,6,1,8,bapuji nagar
09-06-2023,121,66,3,7,2,9,bapuji nagar
10-06-2023,147,78,3,6,2,12,bapuji nagar
11-06-2023,161,89,2,5,1,9,bapuji nagar
12-06-2023,176,92,3,6,1,10,bapuji nagar
13-06-2023,172,63,2,4,2,7,bapuji nagar
14-06-2023,151,58,3,5,2,7,bapuji nagar
15-06-2023,128,86,4,5,2,7,bapuji nagar
16-06-2023,152,63,4,4,2,4,bapuji nagar
17-06-2023,127,61,3,5,2,5,bapuji nagar
18-06-2023,119,79,3,7,2,6,bapuji nagar
19-06-2023,136,82,3,8,2,7,bapuji nagar
20-06-2023,148,70,3,5,2,6,bapuji nagar
21-06-2023,151,77,3,8,2,9,bapuji nagar
22-06-2023,160,86,1,8,2,8,bapuji nagar
23-06-2023,166,83,2,7,2,8,bapuji nagar
24-06-2023,152,80,2,6,2,7,bapuji nagar
25-06-2023,143,76,2,6,2,9,bapuji nagar
26-06-2023,165,76,2,7,2,8,bapuji nagar
27-06-2023,151,66,2,6,1,5,bapuji nagar
28-06-2023,139,69,2,8,2,7,bapuji nagar
29-06-2023,126,75,3,7,2,7,bapuji nagar
30-06-2023,133,74,2,8,2,6,bapuji nagar
02-01-2023,127,74,2,8,2,9,bapuji nagar
03-01-2023,154,78,2,5,2,8,bapuji nagar
04-01-2023,142,62,2,6,2,6,bapuji nagar
05-01-2023,117,65,2,7,2,6,bapuji nagar
06-01-2023,130,73,2,7,2,9,bapuji nagar
07-01-2023,133,76,2,7,2,7,bapuji nagar
08-01-2023,140,78,3,8,2,7,bapuji nagar
09-01-2023,151,82,3,9,2,7,bapuji nagar
10-01-2023,155,70,3,8,2,7,bapuji nagar
11-01-2023,128,70,2,7,2,8,bapuji nagar
16-01-2023,140,79,2,7,2,10,bapuji nagar
17-01-2023,154,85,2,9,2,11,bapuji nagar
18-01-2023,154,78,2,7,2,7,bapuji nagar
19-01-2023,154,64,2,7,2,6,bapuji nagar
20-01-2023,133,51,1,5,2,6,bapuji nagar
21-01-2023,125,71,2,8,2,7,bapuji nagar
22-01-2023,140,67,2,7,2,6,bapuji nagar
23-01-2023,148,59,2,5,2,6,bapuji nagar
24-01-2023,123,56,3,6,2,7,bapuji nagar
25-01-2023,114,61,5,5,2,6,bapuji nagar
26-01-2023,119,62,4,5,2,6,bapuji nagar
27-01-2023,132,76,2,7,2,8,bapuji nagar
28-01-2023,141,76,3,7,2,9,bapuji nagar
29-01-2023,140,68,2,7,2,9,bapuji nagar
30-01-2023,120,60,2,5,2,6,bapuji nagar
31-01-2023,99,60,2,7,2,7,bapuji nagar
01-02-2023,96,67,1,6,2,7,bapuji nagar
02-02-2023,142,76,4,7,2,7,bapuji nagar
03-02-2023,148,77,3,7,2,6,bapuji nagar
04-02-2023,152,80,6,7,2,9,bapuji nagar
05-02-2023,155,76,3,9,1,5,bapuji nagar
06-02-2023,172,97,6,15,2,10,bapuji nagar
07-02-2023,163,101,3,12,2,11,bapuji nagar
08-02-2023,169,106,3,14,2,12,bapuji nagar
01-09-2023,121,70,10,8,2,12,silk board
01-08-2023,107,79,8,8,2,13,silk board
02-08-2023,123,79,6,8,2,12,silk board
03-08-2023,122,71,6,8,1,12,silk board
04-08-2023,110,58,6,7,1,12,silk board
05-08-2023,88,62,6,8,2,12,silk board
06-08-2023,96,92,6,10,1,14,silk board
07-08-2023,129,92,9,12,1,15,silk board
08-08-2023,130,75,6,10,2,13,silk board
09-08-2023,117,79,5,10,1,13,silk board
10-08-2023,123,68,7,9,1,12,silk board
11-08-2023,104,65,9,9,4,12,silk board
12-08-2023,99,57,7,9,4,11,silk board
13-08-2023,86,71,7,9,3,13,silk board
14-08-2023,110,70,6,10,3,12,silk board
15-08-2023,110,70,6,10,2,12,silk board
16-08-2023,108,67,7,10,3,12,silk board
17-08-2023,105,62,8,14,4,15,silk board
18-08-2023,65,59,5,14,2,3,silk board
19-08-2023,63,55,4,16,2,5,silk board
20-08-2023,55,58,5,14,2,9,silk board
21-08-2023,48,71,5,14,2,5,silk board
22-08-2023,55,58,5,13,2,9,silk board
23-08-2023,56,52,4,11,2,13,silk board
24-08-2023,51,57,4,13,2,9,silk board
25-08-2023,50,62,5,13,1,11,silk board
26-08-2023,52,51,4,6,7,10,silk board
27-08-2023,62,77,4,8,7,12,silk board
28-08-2023,71,76,6,8,2,12,silk board
29-08-2023,65,65,9,8,1,12,silk board
30-08-2023,59,77,7,8,2,12,silk board
31-08-2023,59,75,5,8,2,13,silk board
01-07-2023,65,70,9,8,2,12,silk board
02-07-2023,56,71,7,8,3,12,silk board
03-07-2023,61,80,8,7,2,12,silk board
04-07-2023,60,75,6,8,2,12,silk board
05-07-2023,60,98,6,8,2,13,silk board
06-07-2023,71,88,7,7,3,11,silk board
07-07-2023,63,61,6,7,3,12,silk board
08-07-2023,57,37,5,8,2,12,silk board
09-07-2023,43,29,4,8,2,12,silk board
10-07-2023,43,40,4,8,3,12,silk board
11-07-2023,46,34,4,8,3,12,silk board
15-07-2023,45,61,4,8,3,12,silk board
16-07-2023,49,84,5,8,1,13,silk board
17-07-2023,60,82,6,8,2,12,silk board
18-07-2023,61,82,8,8,2,11,silk board
19-07-2023,62,80,7,8,2,11,silk board
20-07-2023,60,87,6,8,2,12,silk board
21-07-2023,96,61,11,5,2,6,silk board
22-07-2023,93,76,14,5,2,8,silk board
23-07-2023,122,65,13,4,2,4,silk board
24-07-2023,101,70,12,3,2,3,silk board
25-07-2023,111,60,11,3,2,2,silk board
27-07-2023,91,56,10,3,2,2,silk board
28-07-2023,85,51,11,3,2,2,silk board
29-07-2023,80,66,12,4,2,3,silk board
30-07-2023,103,68,14,4,2,3,silk board
31-07-2023,105,87,14,4,2,5,silk board
03-04-2023,124,93,15,3,3,5,silk board
04-04-2023,139,65,15,4,2,5,silk board
05-04-2023,121,84,15,4,2,6,silk board
06-04-2023,136,71,15,3,2,5,silk board
07-04-2023,130,73,13,4,2,6,silk board
08-04-2023,127,69,14,4,2,6,silk board
09-04-2023,126,69,12,4,2,6,silk board
10-04-2023,132,64,10,4,2,6,silk board
11-04-2023,122,61,10,4,2,7,silk board
12-04-2023,113,59,12,3,2,5,silk board
13-04-2023,107,53,13,2,2,3,silk board
14-04-2023,97,47,11,2,2,3,silk board
15-04-2023,84,46,11,3,2,3,silk board
16-04-2023,85,58,13,2,2,3,silk board
17-04-2023,111,54,11,3,2,5,silk board
18-04-2023,100,70,13,3,2,4,silk board
19-04-2023,69,41,8,32,2,10,silk board
20-04-2023,81,37,10,27,2,6,silk board
21-04-2023,72,38,8,26,2,6,silk board
22-04-2023,75,42,8,27,2,5,silk board
23-04-2023,80,38,8,31,2,6,silk board
24-04-2023,75,44,8,34,2,9,silk board
25-04-2023,86,49,8,21,2,7,silk board
26-04-2023,93,51,10,14,2,4,silk board
27-04-2023,97,55,10,13,2,5,silk board
28-04-2023,105,55,9,13,2,6,silk board
29-04-2023,108,52,9,10,2,5,silk board
30-04-2023,98,50,9,9,2,6,silk board
01-05-2023,95,59,8,9,2,8,silk board
02-05-2023,111,60,9,7,2,10,silk board
03-05-2023,111,64,10,5,2,8,silk board
04-05-2023,125,58,9,3,2,6,silk board
05-05-2023,113,51,19,3,2,5,silk board
06-05-2023,95,47,11,3,2,6,silk board
07-05-2023,90,40,10,5,2,6,silk board
08-05-2023,77,42,8,10,2,6,silk board
09-05-2023,80,43,8,8,2,6,silk board
10-05-2023,82,46,8,6,2,5,silk board
11-05-2023,86,39,10,4,2,3,silk board
12-05-2023,76,53,9,5,2,8,silk board
13-05-2023,101,49,9,5,2,5,silk board
14-05-2023,91,46,9,5,2,6,silk board
15-05-2023,90,47,9,4,2,6,silk board
16-05-2023,87,53,8,3,2,7,silk board
17-05-2023,102,55,10,3,2,5,silk board
18-05-2023,105,46,8,14,2,4,silk board
19-05-2023,85,47,8,12,2,14,silk board
22-05-2023,87,41,7,15,2,7,silk board
23-05-2023,79,40,8,14,2,7,silk board
24-05-2023,78,26,8,13,2,7,silk board
25-05-2023,56,25,8,13,2,4,silk board
26-05-2023,56,20,8,12,2,7,silk board
27-05-2023,47,21,7,13,2,3,silk board
28-05-2023,50,30,7,14,2,2,silk board
29-05-2023,62,23,8,15,2,7,silk board
30-05-2023,52,36,7,14,2,4,silk board
31-05-2023,72,36,7,15,2,5,silk board
01-06-2023,72,34,7,14,2,4,silk board
02-06-2023,69,33,7,15,2,5,silk board
03-06-2023,68,30,7,14,2,4,silk board
04-06-2023,64,43,7,21,2,7,silk board
05-06-2023,77,57,7,22,2,6,silk board
06-06-2023,84,81,5,18,2,6,silk board
07-06-2023,79,66,5,16,2,4,silk board
08-06-2023,63,66,5,14,2,4,silk board
09-06-2023,54,56,5,14,2,2,silk board
10-06-2023,53,69,5,15,2,4,silk board
11-06-2023,56,59,5,14,2,2,silk board
12-06-2023,56,62,5,14,2,3,silk board
13-06-2023,53,54,5,15,2,2,silk board
14-06-2023,51,64,5,14,2,3,silk board
15-06-2023,59,64,5,14,2,3,silk board
16-06-2023,111,58,14,19,2,4,silk board
17-06-2023,110,62,15,13,2,3,silk board
18-06-2023,120,57,15,7,2,3,silk board
19-06-2023,109,62,16,8,2,4,silk board
20-06-2023,121,73,16,4,2,4,silk board
21-06-2023,147,83,19,3,2,5,silk board
22-06-2023,156,86,16,4,2,7,silk board
23-06-2023,155,64,16,5,2,5,silk board
24-06-2023,126,62,14,5,2,8,silk board
25-06-2023,115,72,15,13,2,6,silk board
26-06-2023,130,67,16,13,2,5,silk board
27-06-2023,126,67,16,15,2,5,silk board
28-06-2023,128,68,17,15,2,5,silk board
29-06-2023,126,62,15,17,2,5,silk board
30-06-2023,119,49,13,20,2,2,silk board
02-01-2023,94,52,14,20,2,3,silk board
03-01-2023,99,63,15,21,2,3,silk board
04-01-2023,124,65,14,21,2,2,silk board
05-01-2023,128,65,13,16,2,3,silk board
06-01-2023,130,62,14,13,2,3,silk board
07-01-2023,122,59,13,13,2,4,silk board
08-01-2023,115,48,13,12,2,2,silk board
09-01-2023,89,52,14,5,2,3,silk board
10-01-2023,99,71,15,5,2,3,silk board
11-01-2023,141,66,14,4,2,3,silk board
16-01-2023,130,61,13,4,2,4,silk board
17-01-2023,117,65,14,4,2,3,silk board
18-01-2023,120,60,12,4,2,4,silk board
19-01-2023,115,54,11,3,2,4,silk board
20-01-2023,102,71,13,3,2,5,silk board
21-01-2023,141,67,14,4,2,4,silk board
22-01-2023,134,62,12,4,2,6,silk board
23-01-2023,121,64,13,4,2,3,silk board
24-01-2023,126,61,19,13,2,4,silk board
25-01-2023,118,64,17,10,2,3,silk board
26-01-2023,126,80,14,12,2,6,silk board
27-01-2023,151,79,15,11,2,6,silk board
28-01-2023,147,89,18,12,2,5,silk board
29-01-2023,158,69,14,12,2,6,silk board
30-01-2023,128,80,14,12,2,6,silk board
31-01-2023,136,74,14,12,2,5,silk board
01-02-2023,131,80,16,12,2,5,silk board
02-02-2023,141,78,15,12,2,6,silk board
03-02-2023,136,78,14,12,2,6,silk board
04-02-2023,141,73,14,11,2,4,silk board
05-02-2023,131,68,14,10,2,4,silk board
06-02-2023,90,59,15,9,2,6,silk board
07-02-2023,105,66,14,10,2,5,silk board
08-02-2023,120,78,18,9,2,4,silk board
01-09-2023,134,50,6,1,3,2,saneguravahalli
01-08-2023,108,35,6,1,4,5,saneguravahalli
02-08-2023,118,34,5,2,4,3,saneguravahalli
03-08-2023,116,33,8,1,4,6,saneguravahalli
04-08-2023,141,34,6,1,4,4,saneguravahalli
05-08-2023,141,34,9,1,4,3,saneguravahalli
06-08-2023,130,34,6,2,4,2,saneguravahalli
07-08-2023,120,33,6,3,4,2,saneguravahalli
08-08-2023,129,33,6,4,4,2,saneguravahalli
09-08-2023,121,33,7,4,4,3,saneguravahalli
10-08-2023,131,33,5,3,4,2,saneguravahalli
11-08-2023,127,34,6,1,4,2,saneguravahalli
12-08-2023,130,33,7,3,4,3,saneguravahalli
13-08-2023,131,33,6,2,4,2,saneguravahalli
14-08-2023,119,33,6,1,4,3,saneguravahalli
15-08-2023,124,33,5,1,4,1,saneguravahalli
16-08-2023,98,36,7,1,4,2,saneguravahalli
17-08-2023,92,37,7,1,4,2,saneguravahalli
18-08-2023,79,19,8,2,4,3,saneguravahalli
19-08-2023,57,53,8,2,4,3,saneguravahalli
20-08-2023,70,75,7,2,4,3,saneguravahalli
21-08-2023,87,30,7,1,4,4,saneguravahalli
22-08-2023,103,28,5,2,4,4,saneguravahalli
23-08-2023,109,29,5,4,4,4,saneguravahalli
24-08-2023,84,29,5,4,4,4,saneguravahalli
25-08-2023,93,29,5,4,4,4,saneguravahalli
26-08-2023,96,30,5,4,4,3,saneguravahalli
27-08-2023,88,29,5,5,4,5,saneguravahalli
28-08-2023,113,28,5,3,4,3,saneguravahalli
29-08-2023,106,28,5,4,4,6,saneguravahalli
30-08-2023,98,28,5,4,4,3,saneguravahalli
31-08-2023,117,29,5,6,4,4,saneguravahalli
01-07-2023,87,30,5,6,4,4,saneguravahalli
02-07-2023,84,27,5,6,4,4,saneguravahalli
03-07-2023,91,33,5,3,4,5,saneguravahalli
04-07-2023,85,30,5,10,4,5,saneguravahalli
05-07-2023,96,26,5,7,4,5,saneguravahalli
06-07-2023,73,31,5,5,4,4,saneguravahalli
07-07-2023,84,31,5,8,3,4,saneguravahalli
08-07-2023,86,8,5,4,3,3,saneguravahalli
09-07-2023,104,6,5,12,3,5,saneguravahalli
10-07-2023,113,11,5,6,3,3,saneguravahalli
11-07-2023,94,13,5,11,3,4,saneguravahalli
15-07-2023,78,26,5,5,3,4,saneguravahalli
16-07-2023,65,25,5,23,3,6,saneguravahalli
17-07-2023,68,26,5,6,3,3,saneguravahalli
18-07-2023,76,25,5,6,3,3,saneguravahalli
19-07-2023,93,25,5,7,3,4,saneguravahalli
20-07-2023,85,52,5,6,3,4,saneguravahalli
21-07-2023,79,38,5,25,3,6,saneguravahalli
22-07-2023,70,29,6,4,3,6,saneguravahalli
23-07-2023,76,26,6,8,3,4,saneguravahalli
24-07-2023,75,25,6,6,3,4,saneguravahalli
25-07-2023,107,24,6,6,3,4,saneguravahalli
27-07-2023,93,27,6,5,3,3,saneguravahalli
28-07-2023,79,20,6,4,3,3,saneguravahalli
29-07-2023,67,21,6,1,3,3,saneguravahalli
30-07-2023,78,19,6,28,3,4,saneguravahalli
31-07-2023,78,20,6,4,3,5,saneguravahalli
03-04-2023,78,20,6,3,3,5,saneguravahalli
04-04-2023,78,21,6,3,3,4,saneguravahalli
05-04-2023,78,20,6,5,3,4,saneguravahalli
06-04-2023,78,15,6,3,3,4,saneguravahalli
07-04-2023,78,16,6,6,3,4,saneguravahalli
08-04-2023,78,16,6,2,3,4,saneguravahalli
09-04-2023,78,18,6,3,3,3,saneguravahalli
10-04-2023,78,17,5,3,3,5,saneguravahalli
11-04-2023,78,38,6,3,3,5,saneguravahalli
12-04-2023,78,28,6,3,3,4,saneguravahalli
13-04-2023,78,16,6,3,3,2,saneguravahalli
14-04-2023,78,19,6,2,3,4,saneguravahalli
15-04-2023,77,54,6,2,3,3,saneguravahalli
16-04-2023,75,26,6,3,3,3,saneguravahalli
17-04-2023,147,22,6,2,3,4,saneguravahalli
18-04-2023,112,23,6,3,3,4,saneguravahalli
19-04-2023,133,21,6,2,3,2,saneguravahalli
20-04-2023,107,23,6,4,3,3,saneguravahalli
21-04-2023,123,57,6,2,3,5,saneguravahalli
22-04-2023,85,68,6,3,3,3,saneguravahalli
23-04-2023,85,28,6,3,3,4,saneguravahalli
24-04-2023,73,29,6,4,3,4,saneguravahalli
25-04-2023,82,29,6,6,3,3,saneguravahalli
26-04-2023,97,37,6,3,3,4,saneguravahalli
27-04-2023,77,47,6,3,3,4,saneguravahalli
28-04-2023,83,44,6,3,3,3,saneguravahalli
29-04-2023,114,45,6,2,3,3,saneguravahalli
30-04-2023,159,44,6,3,3,3,saneguravahalli
01-05-2023,158,46,6,3,3,3,saneguravahalli
02-05-2023,168,45,6,3,3,3,saneguravahalli
03-05-2023,152,44,6,3,3,3,saneguravahalli
04-05-2023,163,46,6,3,3,3,saneguravahalli
05-05-2023,116,45,6,3,3,3,saneguravahalli
06-05-2023,47,44,6,3,3,2,saneguravahalli
07-05-2023,72,45,6,4,3,2,saneguravahalli
08-05-2023,128,33,6,9,3,2,saneguravahalli
09-05-2023,157,31,6,3,3,3,saneguravahalli
10-05-2023,169,29,6,7,3,5,saneguravahalli
11-05-2023,157,33,6,3,3,3,saneguravahalli
12-05-2023,158,28,6,3,3,3,saneguravahalli
13-05-2023,163,27,6,3,3,3,saneguravahalli
14-05-2023,88,29,6,3,3,5,saneguravahalli
15-05-2023,78,29,6,9,3,1,saneguravahalli
16-05-2023,54,27,6,3,3,3,saneguravahalli
17-05-2023,99,32,7,4,3,4,saneguravahalli
18-05-2023,88,55,7,5,3,5,saneguravahalli
19-05-2023,113,49,7,6,3,4,saneguravahalli
22-05-2023,156,45,7,5,4,5,saneguravahalli
23-05-2023,168,58,7,6,4,4,saneguravahalli
24-05-2023,156,42,7,6,4,4,saneguravahalli
25-05-2023,144,36,7,4,4,4,saneguravahalli
26-05-2023,99,56,7,5,4,4,saneguravahalli
27-05-2023,64,54,7,4,4,4,saneguravahalli
28-05-2023,59,47,7,4,4,4,saneguravahalli
29-05-2023,133,40,7,4,4,1,saneguravahalli
30-05-2023,162,41,7,5,4,1,saneguravahalli
31-05-2023,166,42,7,5,4,6,saneguravahalli
01-06-2023,171,38,7,5,4,4,saneguravahalli
02-06-2023,171,48,7,5,4,4,saneguravahalli
03-06-2023,96,46,7,12,4,4,saneguravahalli
04-06-2023,20,54,7,5,4,5,saneguravahalli
05-06-2023,82,54,7,5,4,7,saneguravahalli
06-06-2023,131,59,7,4,4,7,saneguravahalli
07-06-2023,119,47,7,4,4,4,saneguravahalli
08-06-2023,140,37,7,5,4,4,saneguravahalli
09-06-2023,174,49,7,4,4,5,saneguravahalli
10-06-2023,158,54,7,4,4,6,saneguravahalli
11-06-2023,176,38,7,5,4,4,saneguravahalli
12-06-2023,166,37,7,5,4,5,saneguravahalli
13-06-2023,127,55,7,5,4,6,saneguravahalli
14-06-2023,80,46,7,6,4,6,saneguravahalli
15-06-2023,80,36,7,8,4,7,saneguravahalli
16-06-2023,80,52,7,5,4,5,saneguravahalli
17-06-2023,79,51,7,5,4,5,saneguravahalli
18-06-2023,80,56,7,5,4,5,saneguravahalli
19-06-2023,79,47,7,5,4,5,saneguravahalli
20-06-2023,80,46,7,5,4,5,saneguravahalli
21-06-2023,78,50,7,5,4,4,saneguravahalli
22-06-2023,80,43,7,6,4,4,saneguravahalli
23-06-2023,80,42,7,4,4,5,saneguravahalli
24-06-2023,79,48,7,5,4,4,saneguravahalli
25-06-2023,80,45,7,5,4,4,saneguravahalli
26-06-2023,115,41,7,7,4,4,saneguravahalli
27-06-2023,120,44,7,5,4,4,saneguravahalli
28-06-2023,126,47,7,5,4,5,saneguravahalli
29-06-2023,116,41,6,6,4,4,saneguravahalli
30-06-2023,119,42,7,5,4,4,saneguravahalli
02-01-2023,132,46,6,6,4,4,saneguravahalli
03-01-2023,130,40,7,17,4,5,saneguravahalli
04-01-2023,124,38,7,8,4,4,saneguravahalli
05-01-2023,124,52,7,5,4,5,saneguravahalli
06-01-2023,125,44,7,5,4,4,saneguravahalli
07-01-2023,125,45,7,7,4,5,saneguravahalli
08-01-2023,125,38,7,8,4,4,saneguravahalli
09-01-2023,121,62,7,5,4,4,saneguravahalli
10-01-2023,121,54,6,3,4,3,saneguravahalli
11-01-2023,118,40,5,2,4,3,saneguravahalli
16-01-2023,117,22,6,3,4,2,saneguravahalli
17-01-2023,115,25,5,4,4,2,saneguravahalli
18-01-2023,115,27,6,11,4,4,saneguravahalli
19-01-2023,115,24,6,1,4,4,saneguravahalli
20-01-2023,115,25,3,1,4,3,saneguravahalli
21-01-2023,115,15,5,2,4,3,saneguravahalli
22-01-2023,115,23,5,2,4,4,saneguravahalli
23-01-2023,115,28,6,1,4,2,saneguravahalli
24-01-2023,115,24,5,6,4,4,saneguravahalli
25-01-2023,115,24,5,2,4,4,saneguravahalli
26-01-2023,115,24,5,22,4,4,saneguravahalli
27-01-2023,115,22,5,6,4,4,saneguravahalli
28-01-2023,115,24,5,10,4,3,saneguravahalli
29-01-2023,118,24,5,3,4,3,saneguravahalli
30-01-2023,118,25,5,3,4,3,saneguravahalli
31-01-2023,118,30,5,3,4,4,saneguravahalli
01-02-2023,127,25,5,4,4,5,saneguravahalli
02-02-2023,119,25,5,4,4,5,saneguravahalli
03-02-2023,87,35,5,3,4,4,saneguravahalli
04-02-2023,63,29,5,3,4,3,saneguravahalli
05-02-2023,63,28,5,3,4,4,saneguravahalli
06-02-2023,64,30,5,4,4,5,saneguravahalli
07-02-2023,64,29,5,4,4,5,saneguravahalli
08-02-2023,65,30,5,3,4,4,saneguravahalli
01-09-2023,67,52,15,7,2,6,peenya
01-08-2023,66,55,15,7,2,5,peenya
02-08-2023,106,40,15,7,2,5,peenya
03-08-2023,61,23,15,7,2,5,peenya
04-08-2023,49,33,15,7,2,5,peenya
05-08-2023,57,39,15,6,2,4,peenya
06-08-2023,62,34,15,7,2,5,peenya
07-08-2023,56,44,15,7,2,5,peenya
08-08-2023,67,52,15,6,2,6,peenya
09-08-2023,60,38,15,4,2,4,peenya
10-08-2023,57,37,15,7,2,5,peenya
11-08-2023,45,35,15,7,1,5,peenya
12-08-2023,49,40,15,7,2,4,peenya
13-08-2023,50,30,15,7,2,5,peenya
14-08-2023,83,36,15,10,2,5,peenya
15-08-2023,62,47,15,11,2,5,peenya
16-08-2023,75,56,15,10,2,6,peenya
17-08-2023,89,49,15,10,2,5,peenya
18-08-2023,79,78,15,10,2,5,peenya
19-08-2023,101,40,15,9,2,4,peenya
20-08-2023,67,38,15,9,2,5,peenya
21-08-2023,64,42,15,10,2,5,peenya
22-08-2023,69,99,28,13,2,5,peenya
23-08-2023,132,71,37,19,2,6,peenya
24-08-2023,121,88,49,18,5,6,peenya
25-08-2023,149,114,46,18,3,6,peenya
26-08-2023,162,86,42,20,4,6,peenya
27-08-2023,147,80,46,17,2,6,peenya
28-08-2023,141,79,46,17,4,6,peenya
29-08-2023,138,81,20,18,3,6,peenya
30-08-2023,140,101,32,15,2,6,peenya
31-08-2023,148,94,28,15,2,6,peenya
01-07-2023,139,62,18,16,2,6,peenya
02-07-2023,101,56,23,14,3,5,peenya
03-07-2023,89,59,27,14,2,6,peenya
04-07-2023,95,54,27,14,2,5,peenya
05-07-2023,88,54,23,15,2,6,peenya
06-07-2023,88,67,27,14,2,6,peenya
07-07-2023,112,59,28,14,3,5,peenya
08-07-2023,95,74,16,37,2,6,peenya
09-07-2023,126,43,27,101,2,5,peenya
10-07-2023,70,20,22,75,2,5,peenya
11-07-2023,39,32,13,64,3,5,peenya
15-07-2023,55,33,15,50,2,7,peenya
16-07-2023,60,39,19,7,2,6,peenya
17-07-2023,66,35,19,9,3,6,peenya
18-07-2023,61,46,24,12,3,6,peenya
19-07-2023,73,27,20,11,2,5,peenya
20-07-2023,50,40,18,12,2,6,peenya
21-07-2023,68,35,10,12,2,4,peenya
22-07-2023,105,44,23,9,7,6,peenya
23-07-2023,73,52,15,6,9,5,peenya
24-07-2023,83,45,15,5,18,5,peenya
25-07-2023,73,57,15,6,18,5,peenya
27-07-2023,91,59,15,6,1,5,peenya
28-07-2023,95,94,15,8,3,6,peenya
29-07-2023,127,54,15,6,3,6,peenya
30-07-2023,88,56,15,6,2,5,peenya
31-07-2023,67,45,15,7,2,5,peenya
03-04-2023,75,40,15,4,2,5,peenya
04-04-2023,67,45,15,3,1,5,peenya
05-04-2023,73,41,15,3,1,5,peenya
06-04-2023,70,47,15,3,2,5,peenya
07-04-2023,78,43,15,3,1,5,peenya
08-04-2023,72,54,15,3,1,6,peenya
09-04-2023,89,89,15,3,1,6,peenya
10-04-2023,115,37,15,3,2,6,peenya
11-04-2023,63,43,15,4,2,5,peenya
12-04-2023,81,50,15,3,1,5,peenya
13-04-2023,74,44,15,3,6,5,peenya
14-04-2023,67,28,15,3,12,5,peenya
15-04-2023,49,27,15,3,1,5,peenya
16-04-2023,48,29,15,3,1,4,peenya
17-04-2023,51,21,15,3,1,5,peenya
18-04-2023,39,28,15,3,2,5,peenya
19-04-2023,47,34,15,3,2,4,peenya
20-04-2023,57,42,15,4,2,5,peenya
21-04-2023,65,43,15,3,2,5,peenya
22-04-2023,66,43,15,3,2,5,peenya
23-04-2023,67,43,15,3,2,4,peenya
24-04-2023,65,34,15,3,2,5,peenya
25-04-2023,57,46,15,3,2,5,peenya
26-04-2023,72,48,15,3,2,5,peenya
27-04-2023,73,52,15,3,2,5,peenya
28-04-2023,77,40,15,3,2,5,peenya
29-04-2023,64,40,15,3,2,5,peenya
30-04-2023,63,34,15,3,2,5,peenya
01-05-2023,57,33,15,3,2,5,peenya
02-05-2023,55,32,15,3,2,5,peenya
03-05-2023,53,38,15,3,2,5,peenya
04-05-2023,61,23,15,3,2,5,peenya
05-05-2023,41,28,15,3,2,5,peenya
06-05-2023,50,36,15,3,2,5,peenya
07-05-2023,58,37,15,3,2,5,peenya
08-05-2023,146,78,15,13,4,3,peenya
09-05-2023,144,83,16,13,4,3,peenya
10-05-2023,150,79,15,13,4,3,peenya
11-05-2023,146,22,15,13,2,3,peenya
12-05-2023,51,28,15,13,2,3,peenya
13-05-2023,61,46,15,13,1,3,peenya
14-05-2023,89,42,15,14,1,3,peenya
15-05-2023,84,41,15,13,3,3,peenya
16-05-2023,82,39,15,14,2,3,peenya
17-05-2023,80,41,15,14,2,3,peenya
18-05-2023,82,43,15,14,2,3,peenya
19-05-2023,87,41,15,14,1,3,peenya
22-05-2023,83,42,15,13,2,3,peenya
23-05-2023,76,40,15,13,2,3,peenya
24-05-2023,81,37,15,13,2,3,peenya
25-05-2023,78,37,15,12,2,3,peenya
26-05-2023,78,40,15,10,3,3,peenya
27-05-2023,83,37,15,11,3,3,peenya
28-05-2023,77,33,15,10,3,2,peenya
29-05-2023,71,31,15,10,2,5,peenya
30-05-2023,68,36,15,10,5,5,peenya
31-05-2023,75,41,15,10,4,2,peenya
01-06-2023,76,48,15,11,2,3,peenya
02-06-2023,80,47,15,11,2,3,peenya
03-06-2023,79,46,15,10,4,4,peenya
04-06-2023,77,45,15,11,3,4,peenya
05-06-2023,75,50,15,13,3,4,peenya
06-06-2023,85,50,15,12,2,3,peenya
07-06-2023,84,48,15,11,2,4,peenya
08-06-2023,80,43,15,11,3,3,peenya
09-06-2023,66,47,15,10,1,1,peenya
10-06-2023,59,56,15,11,3,2,peenya
11-06-2023,136,56,15,11,5,2,peenya
12-06-2023,123,54,15,10,5,3,peenya
13-06-2023,98,54,15,10,4,3,peenya
14-06-2023,97,53,15,10,5,3,peenya
15-06-2023,93,53,15,11,6,3,peenya
16-06-2023,95,56,15,11,4,3,peenya
17-06-2023,95,54,15,10,4,3,peenya
18-06-2023,97,57,15,11,9,3,peenya
19-06-2023,104,55,15,11,5,3,peenya
20-06-2023,99,54,15,11,6,3,peenya
21-06-2023,96,54,15,11,5,3,peenya
22-06-2023,97,54,15,11,3,3,peenya
23-06-2023,96,54,15,11,2,3,peenya
24-06-2023,96,54,15,11,3,3,peenya
25-06-2023,97,56,15,11,7,3,peenya
26-06-2023,102,56,15,11,5,3,peenya
27-06-2023,103,55,15,12,5,3,peenya
28-06-2023,99,55,15,12,5,3,peenya
29-06-2023,99,55,15,11,3,3,peenya
30-06-2023,100,73,28,13,3,3,peenya
02-01-2023,109,119,45,12,2,5,peenya
03-01-2023,120,77,27,11,1,1,peenya
04-01-2023,85,117,24,12,1,1,peenya
05-01-2023,118,139,27,13,1,1,peenya
06-01-2023,141,119,34,14,1,1,peenya
07-01-2023,136,90,23,21,2,5,peenya
08-01-2023,149,89,28,17,2,5,peenya
09-01-2023,146,60,30,15,2,5,peenya
10-01-2023,126,64,26,14,1,5,peenya
11-01-2023,113,96,24,13,1,5,peenya
16-01-2023,118,92,15,22,1,5,peenya
17-01-2023,117,47,15,28,1,5,peenya
18-01-2023,76,37,15,15,1,5,peenya
19-01-2023,63,34,15,11,1,5,peenya
20-01-2023,60,36,15,12,1,5,peenya
21-01-2023,62,61,15,14,1,4,peenya
22-01-2023,81,89,15,13,3,5,peenya
23-01-2023,109,43,15,16,2,5,peenya
24-01-2023,70,44,15,23,1,4,peenya
25-01-2023,71,43,15,17,2,4,peenya
26-01-2023,71,46,15,14,2,5,peenya
27-01-2023,73,41,15,14,2,5,peenya
28-01-2023,68,96,15,17,2,5,peenya
29-01-2023,113,87,15,14,2,4,peenya
30-01-2023,105,45,15,13,2,5,peenya
31-01-2023,73,98,15,12,2,4,peenya
01-02-2023,109,86,15,12,1,3,peenya
02-02-2023,94,22,13,13,1,3,peenya
03-02-2023,82,40,12,13,1,3,peenya
04-02-2023,76,36,16,14,1,3,peenya
05-02-2023,78,36,22,13,1,3,peenya
06-02-2023,79,37,16,14,1,3,peenya
07-02-2023,65,38,20,13,1,3,peenya
08-02-2023,116,57,11,14,4,3,peenya
01-09-2023,143,37,11,11,3,7,jayanagar
01-08-2023,84,19,7,10,2,3,jayanagar
02-08-2023,33,36,7,9,2,4,jayanagar
03-08-2023,52,62,7,10,2,5,jayanagar
04-08-2023,102,75,8,9,2,6,jayanagar
05-08-2023,146,83,11,9,2,5,jayanagar
06-08-2023,153,75,11,10,2,5,jayanagar
07-08-2023,138,75,11,10,2,5,jayanagar
08-08-2023,146,78,11,10,2,5,jayanagar
09-08-2023,149,78,11,9,2,4,jayanagar
10-08-2023,151,50,11,13,2,6,jayanagar
11-08-2023,87,38,11,13,2,5,jayanagar
12-08-2023,71,29,9,12,2,4,jayanagar
13-08-2023,71,59,9,10,2,4,jayanagar
14-08-2023,108,61,9,9,2,4,jayanagar
15-08-2023,94,62,9,9,2,3,jayanagar
16-08-2023,117,78,9,9,2,5,jayanagar
17-08-2023,155,89,9,9,2,5,jayanagar
18-08-2023,164,83,9,11,2,4,jayanagar
19-08-2023,156,76,9,12,2,5,jayanagar
20-08-2023,143,64,9,13,2,5,jayanagar
21-08-2023,100,48,9,12,2,4,jayanagar
22-08-2023,64,46,9,11,2,3,jayanagar
23-08-2023,67,70,9,11,2,4,jayanagar
24-08-2023,140,82,9,10,2,5,jayanagar
25-08-2023,161,84,9,12,2,5,jayanagar
26-08-2023,152,80,9,11,2,4,jayanagar
27-08-2023,156,71,9,10,2,4,jayanagar
28-08-2023,150,23,9,9,2,2,jayanagar
29-08-2023,60,17,9,10,2,3,jayanagar
30-08-2023,45,27,9,11,2,4,jayanagar
31-08-2023,65,38,9,11,2,4,jayanagar
01-07-2023,68,35,11,11,2,4,jayanagar
02-07-2023,56,51,13,12,2,3,jayanagar
03-07-2023,77,61,10,12,2,4,jayanagar
04-07-2023,95,77,9,12,2,4,jayanagar
05-07-2023,123,78,12,11,2,4,jayanagar
06-07-2023,158,75,12,11,2,4,jayanagar
07-07-2023,153,66,12,10,2,4,jayanagar
08-07-2023,124,61,13,10,2,4,jayanagar
09-07-2023,107,66,12,11,2,5,jayanagar
10-07-2023,110,71,12,11,2,5,jayanagar
11-07-2023,137,70,13,11,2,4,jayanagar
15-07-2023,138,48,13,11,2,4,jayanagar
16-07-2023,96,27,4,11,2,3,jayanagar
17-07-2023,38,33,6,11,2,3,jayanagar
18-07-2023,59,40,5,10,2,3,jayanagar
19-07-2023,63,48,6,9,2,3,jayanagar
20-07-2023,74,54,7,10,2,3,jayanagar
21-07-2023,88,64,7,8,2,4,jayanagar
22-07-2023,96,61,7,9,2,3,jayanagar
23-07-2023,120,65,7,9,2,3,jayanagar
24-07-2023,65,46,12,7,2,4,jayanagar
25-07-2023,76,41,11,5,2,2,jayanagar
27-07-2023,70,28,11,5,2,2,jayanagar
28-07-2023,53,28,11,4,2,2,jayanagar
29-07-2023,61,32,10,6,2,2,jayanagar
30-07-2023,67,31,10,6,2,2,jayanagar
31-07-2023,64,34,10,6,2,2,jayanagar
03-04-2023,67,32,10,6,2,3,jayanagar
04-04-2023,66,25,11,6,2,2,jayanagar
05-04-2023,58,28,10,6,2,2,jayanagar
06-04-2023,58,38,11,3,2,2,jayanagar
07-04-2023,64,30,10,5,3,2,jayanagar
08-04-2023,59,26,10,5,3,2,jayanagar
09-04-2023,59,32,11,4,2,2,jayanagar
10-04-2023,63,29,11,6,2,2,jayanagar
11-04-2023,53,23,12,7,3,1,jayanagar
12-04-2023,55,30,11,9,3,1,jayanagar
13-04-2023,63,40,16,8,2,2,jayanagar
14-04-2023,55,48,17,9,1,3,jayanagar
15-04-2023,44,26,11,10,2,2,jayanagar
16-04-2023,33,50,12,10,2,4,jayanagar
17-04-2023,53,38,12,9,2,3,jayanagar
18-04-2023,42,37,12,8,2,2,jayanagar
19-04-2023,39,40,13,10,3,4,jayanagar
20-04-2023,33,43,14,12,2,6,jayanagar
21-04-2023,46,44,17,14,2,7,jayanagar
22-04-2023,61,48,17,9,2,8,jayanagar
23-04-2023,70,59,20,14,2,4,jayanagar
24-04-2023,110,35,18,8,2,4,jayanagar
25-04-2023,52,18,15,9,2,3,jayanagar
26-04-2023,31,38,10,9,2,8,jayanagar
27-04-2023,61,21,13,11,2,6,jayanagar
28-04-2023,46,24,12,13,2,9,jayanagar
29-04-2023,58,21,9,13,2,6,jayanagar
30-04-2023,51,9,12,4,2,1,jayanagar
01-05-2023,20,19,13,4,2,3,jayanagar
02-05-2023,38,16,13,4,2,2,jayanagar
03-05-2023,31,28,14,5,2,2,jayanagar
04-05-2023,50,25,13,4,3,2,jayanagar
05-05-2023,41,33,15,4,3,2,jayanagar
06-05-2023,53,32,17,5,3,2,jayanagar
07-05-2023,46,30,18,5,2,2,jayanagar
08-05-2023,45,30,18,6,2,2,jayanagar
09-05-2023,44,25,18,6,2,2,jayanagar
10-05-2023,82,44,21,13,2,3,jayanagar
11-05-2023,66,30,15,13,2,1,jayanagar
12-05-2023,71,26,11,10,2,2,jayanagar
13-05-2023,47,26,11,9,2,2,jayanagar
14-05-2023,42,24,12,8,2,2,jayanagar
15-05-2023,43,22,11,9,2,2,jayanagar
16-05-2023,45,28,15,12,2,3,jayanagar
17-05-2023,48,30,9,14,2,11,jayanagar
18-05-2023,68,28,11,12,2,3,jayanagar
19-05-2023,106,43,14,14,2,6,jayanagar
22-05-2023,91,34,12,13,2,7,jayanagar
23-05-2023,72,43,12,15,2,7,jayanagar
24-05-2023,76,45,14,11,2,5,jayanagar
25-05-2023,83,33,15,11,2,5,jayanagar
26-05-2023,66,31,19,10,3,5,jayanagar
27-05-2023,72,33,8,13,2,1,jayanagar
28-05-2023,57,30,7,15,2,2,jayanagar
29-05-2023,56,26,7,18,2,1,jayanagar
30-05-2023,45,29,7,18,2,3,jayanagar
31-05-2023,49,31,7,15,2,3,jayanagar
01-06-2023,53,33,7,20,2,2,jayanagar
02-06-2023,56,33,7,21,3,2,jayanagar
03-06-2023,53,36,7,19,2,2,jayanagar
04-06-2023,59,40,7,20,2,1,jayanagar
05-06-2023,60,50,7,16,2,6,jayanagar
06-06-2023,73,45,7,18,2,2,jayanagar
07-06-2023,75,42,7,17,2,2,jayanagar
08-06-2023,65,30,7,13,2,3,jayanagar
09-06-2023,55,34,7,15,2,7,jayanagar
10-06-2023,62,43,7,18,2,5,jayanagar
11-06-2023,79,40,7,12,2,3,jayanagar
12-06-2023,67,42,7,9,2,4,jayanagar
13-06-2023,71,38,7,9,2,2,jayanagar
14-06-2023,61,33,7,8,2,1,jayanagar
15-06-2023,57,29,7,5,3,2,jayanagar
16-06-2023,124,94,19,18,3,12,jayanagar
17-06-2023,158,62,18,15,2,4,jayanagar
18-06-2023,119,74,17,22,2,5,jayanagar
19-06-2023,147,77,17,17,2,6,jayanagar
20-06-2023,119,85,16,16,2,6,jayanagar
21-06-2023,137,78,17,15,2,7,jayanagar
22-06-2023,133,74,13,18,2,8,jayanagar
23-06-2023,102,64,18,18,2,6,jayanagar
24-06-2023,96,53,19,18,2,5,jayanagar
25-06-2023,76,62,11,18,2,7,jayanagar
26-06-2023,76,56,5,11,3,8,jayanagar
27-06-2023,65,34,6,16,2,9,jayanagar
28-06-2023,54,33,17,12,2,3,jayanagar
29-06-2023,126,52,9,11,2,2,jayanagar
30-06-2023,108,63,16,5,2,8,jayanagar
02-01-2023,96,68,20,5,2,5,jayanagar
03-01-2023,128,71,21,5,2,8,jayanagar
04-01-2023,129,71,17,5,2,5,jayanagar
05-01-2023,130,77,17,4,3,13,jayanagar
06-01-2023,134,75,25,5,3,12,jayanagar
07-01-2023,133,59,24,1,2,6,jayanagar
08-01-2023,123,42,14,6,2,2,jayanagar
09-01-2023,91,54,7,2,2,2,jayanagar
10-01-2023,86,55,16,16,4,10,jayanagar
11-01-2023,89,41,30,12,3,5,jayanagar
16-01-2023,82,37,17,13,2,6,jayanagar
17-01-2023,74,47,28,12,3,12,jayanagar
18-01-2023,88,54,12,7,1,4,jayanagar
19-01-2023,99,54,12,3,2,2,jayanagar
20-01-2023,96,49,26,2,2,5,jayanagar
21-01-2023,95,51,25,5,1,5,jayanagar
22-01-2023,88,46,12,3,1,2,jayanagar
23-01-2023,75,30,16,4,2,3,jayanagar
24-01-2023,55,36,9,5,2,2,jayanagar
25-01-2023,54,49,13,7,2,6,jayanagar
26-01-2023,57,41,13,6,2,6,jayanagar
27-01-2023,56,44,13,5,2,2,jayanagar
28-01-2023,67,50,13,5,2,4,jayanagar
29-01-2023,69,44,15,6,2,4,jayanagar
30-01-2023,79,32,11,3,2,1,jayanagar
31-01-2023,69,41,13,3,2,6,jayanagar
01-02-2023,65,29,13,5,2,5,jayanagar
02-02-2023,54,29,13,4,2,5,jayanagar
03-02-2023,37,26,13,4,2,3,jayanagar
04-02-2023,27,26,13,5,3,4,jayanagar
05-02-2023,32,29,13,4,2,2,jayanagar
06-02-2023,32,25,13,4,2,1,jayanagar
07-02-2023,25,26,13,6,2,2,jayanagar
08-02-2023,32,25,14,5,2,3,jayanagar
01-09-2023,97,78,14,9,1,3,hombegowda
01-08-2023,123,78,15,10,1,3,hombegowda
02-08-2023,121,76,18,10,2,6,hombegowda
03-08-2023,118,68,17,8,1,4,hombegowda
04-08-2023,102,19,12,7,2,3,hombegowda
05-08-2023,31,12,8,9,2,3,hombegowda
06-08-2023,22,22,9,9,2,5,hombegowda
07-08-2023,39,25,9,8,2,4,hombegowda
08-08-2023,44,26,6,8,1,5,hombegowda
09-08-2023,44,43,8,10,2,4,hombegowda
10-08-2023,68,62,9,12,2,5,hombegowda
11-08-2023,96,61,11,12,2,2,hombegowda
12-08-2023,91,73,15,8,2,2,hombegowda
13-08-2023,112,70,17,9,1,3,hombegowda
14-08-2023,107,61,12,10,1,2,hombegowda
15-08-2023,91,51,11,9,2,3,hombegowda
16-08-2023,77,55,12,12,1,2,hombegowda
17-08-2023,82,65,15,11,1,3,hombegowda
18-08-2023,98,64,16,10,1,2,hombegowda
19-08-2023,96,40,11,7,1,3,hombegowda
20-08-2023,62,13,6,7,1,3,hombegowda
21-08-2023,24,24,5,8,1,4,hombegowda
22-08-2023,42,31,9,8,1,2,hombegowda
23-08-2023,53,41,13,9,1,3,hombegowda
24-08-2023,64,52,13,11,1,4,hombegowda
25-08-2023,79,60,17,12,2,4,hombegowda
26-08-2023,91,59,18,11,2,4,hombegowda
27-08-2023,89,58,14,10,1,3,hombegowda
28-08-2023,32,35,4,6,1,2,hombegowda
29-08-2023,54,26,5,4,2,1,hombegowda
30-08-2023,45,11,4,5,2,1,hombegowda
31-08-2023,19,12,4,5,1,1,hombegowda
01-07-2023,20,17,3,5,2,1,hombegowda
02-07-2023,29,15,3,5,2,1,hombegowda
03-07-2023,26,19,4,5,1,1,hombegowda
04-07-2023,33,17,3,5,1,1,hombegowda
05-07-2023,30,11,3,5,2,1,hombegowda
06-07-2023,19,12,3,5,1,1,hombegowda
07-07-2023,21,23,3,4,1,1,hombegowda
08-07-2023,40,14,3,4,2,1,hombegowda
09-07-2023,25,11,3,5,2,1,hombegowda
10-07-2023,19,20,3,4,1,1,hombegowda
11-07-2023,35,16,3,4,1,1,hombegowda
15-07-2023,26,12,3,4,1,1,hombegowda
16-07-2023,20,16,4,4,1,1,hombegowda
17-07-2023,28,25,4,5,1,1,hombegowda
18-07-2023,41,36,8,5,2,2,hombegowda
19-07-2023,53,29,6,4,2,1,hombegowda
20-07-2023,46,35,3,5,1,1,hombegowda
21-07-2023,54,27,3,4,1,1,hombegowda
22-07-2023,45,23,3,4,1,1,hombegowda
23-07-2023,40,22,3,4,1,1,hombegowda
24-07-2023,39,29,4,4,1,1,hombegowda
25-07-2023,47,28,7,6,1,3,hombegowda
27-07-2023,46,34,12,8,4,4,hombegowda
28-07-2023,52,50,8,6,2,2,hombegowda
29-07-2023,72,23,10,6,2,2,hombegowda
30-07-2023,38,26,7,7,2,7,hombegowda
31-07-2023,40,20,8,7,2,3,hombegowda
03-04-2023,33,16,8,7,2,3,hombegowda
04-04-2023,28,18,5,7,1,5,hombegowda
05-04-2023,31,21,4,7,1,3,hombegowda
06-04-2023,34,6,3,4,1,1,hombegowda
07-04-2023,11,8,4,5,2,11,hombegowda
08-04-2023,13,6,3,4,2,9,hombegowda
09-04-2023,12,16,3,4,1,6,hombegowda
10-04-2023,28,20,3,4,2,5,hombegowda
11-04-2023,34,21,3,4,1,4,hombegowda
12-04-2023,36,19,3,4,1,4,hombegowda
13-04-2023,33,17,5,4,1,3,hombegowda
14-04-2023,30,11,3,3,1,3,hombegowda
15-04-2023,18,14,5,5,2,3,hombegowda
16-04-2023,66,36,4,7,2,3,hombegowda
17-04-2023,62,26,5,7,2,4,hombegowda
18-04-2023,52,25,4,7,1,3,hombegowda
19-04-2023,51,26,5,7,1,3,hombegowda
20-04-2023,51,23,5,8,1,3,hombegowda
21-04-2023,49,32,6,8,2,3,hombegowda
22-04-2023,58,29,5,9,2,3,hombegowda
23-04-2023,53,24,6,9,1,3,hombegowda
24-04-2023,49,20,8,7,2,3,hombegowda
25-04-2023,41,35,8,10,2,3,hombegowda
26-04-2023,62,40,10,10,2,3,hombegowda
27-04-2023,66,35,8,8,2,3,hombegowda
28-04-2023,61,30,8,8,2,3,hombegowda
29-04-2023,55,40,9,10,1,4,hombegowda
30-04-2023,71,44,16,10,1,3,hombegowda
01-05-2023,71,26,12,8,1,3,hombegowda
02-05-2023,52,23,12,9,1,6,hombegowda
03-05-2023,47,23,9,8,1,10,hombegowda
04-05-2023,47,16,6,7,1,2,hombegowda
05-05-2023,38,16,4,7,1,4,hombegowda
06-05-2023,36,18,5,6,1,4,hombegowda
07-05-2023,41,17,4,6,2,4,hombegowda
08-05-2023,39,34,5,6,2,2,hombegowda
09-05-2023,63,28,5,7,2,3,hombegowda
10-05-2023,55,24,6,6,1,3,hombegowda
11-05-2023,49,28,5,7,1,8,hombegowda
12-05-2023,54,31,5,7,3,6,hombegowda
13-05-2023,55,32,5,6,2,7,hombegowda
14-05-2023,59,32,6,6,1,3,hombegowda
15-05-2023,59,32,5,6,1,2,hombegowda
16-05-2023,59,39,5,9,1,2,hombegowda
17-05-2023,65,37,6,7,1,2,hombegowda
18-05-2023,65,45,7,7,1,2,hombegowda
19-05-2023,72,50,7,6,1,3,hombegowda
22-05-2023,80,35,6,6,1,4,hombegowda
23-05-2023,62,30,8,7,2,4,hombegowda
24-05-2023,57,44,6,9,1,1,hombegowda
25-05-2023,71,40,8,8,2,7,hombegowda
26-05-2023,67,42,7,9,2,8,hombegowda
27-05-2023,68,35,8,7,1,4,hombegowda
28-05-2023,61,31,9,7,2,3,hombegowda
29-05-2023,57,24,8,8,2,3,hombegowda
30-05-2023,117,66,21,9,3,5,hombegowda
31-05-2023,110,65,22,7,2,3,hombegowda
01-06-2023,110,69,21,7,3,3,hombegowda
02-06-2023,118,64,19,7,2,3,hombegowda
03-06-2023,108,73,23,9,3,3,hombegowda
04-06-2023,126,73,24,8,2,4,hombegowda
05-06-2023,124,58,18,7,2,3,hombegowda
06-06-2023,99,51,21,7,3,2,hombegowda
07-06-2023,88,46,18,7,2,3,hombegowda
08-06-2023,84,49,18,7,3,3,hombegowda
09-06-2023,87,38,15,6,3,2,hombegowda
10-06-2023,74,28,11,8,3,2,hombegowda
11-06-2023,63,31,16,7,2,2,hombegowda
12-06-2023,67,31,23,9,3,3,hombegowda
13-06-2023,65,45,23,8,2,3,hombegowda
14-06-2023,83,53,19,10,2,4,hombegowda
15-06-2023,91,34,15,8,3,3,hombegowda
16-06-2023,70,54,22,12,3,15,hombegowda
17-06-2023,96,70,23,2,3,14,hombegowda
18-06-2023,119,79,20,2,3,41,hombegowda
19-06-2023,136,71,20,2,3,11,hombegowda
20-06-2023,122,53,14,1,3,3,hombegowda
21-06-2023,91,51,18,1,3,3,hombegowda
22-06-2023,90,68,21,1,3,4,hombegowda
23-06-2023,117,66,23,2,3,4,hombegowda
24-06-2023,112,74,20,1,4,4,hombegowda
25-06-2023,129,68,21,1,3,4,hombegowda
26-06-2023,115,67,25,2,3,4,hombegowda
27-06-2023,114,56,22,1,3,3,hombegowda
28-06-2023,74,50,15,2,2,4,hombegowda
29-06-2023,88,44,18,2,2,2,hombegowda
30-06-2023,81,41,21,6,3,4,hombegowda
02-01-2023,79,29,17,5,3,2,hombegowda
03-01-2023,64,48,13,13,3,5,hombegowda
04-01-2023,83,55,18,10,2,4,hombegowda
05-01-2023,93,59,17,4,3,3,hombegowda
06-01-2023,103,57,17,1,4,2,hombegowda
07-01-2023,99,53,11,1,3,2,hombegowda
08-01-2023,93,51,6,1,2,1,hombegowda
09-01-2023,85,44,6,3,6,3,hombegowda
10-01-2023,65,54,11,1,5,1,hombegowda
11-01-2023,71,41,14,5,3,4,hombegowda
16-01-2023,79,24,9,7,1,3,hombegowda
17-01-2023,55,30,8,3,1,1,hombegowda
18-01-2023,52,55,7,4,1,2,hombegowda
19-01-2023,97,50,9,4,2,2,hombegowda
20-01-2023,89,37,7,3,1,1,hombegowda
21-01-2023,72,32,7,3,1,2,hombegowda
22-01-2023,67,47,10,4,2,3,hombegowda
23-01-2023,85,50,11,6,2,4,hombegowda
24-01-2023,88,50,11,5,2,2,hombegowda
25-01-2023,88,60,10,4,1,2,hombegowda
26-01-2023,106,51,10,3,1,1,hombegowda
27-01-2023,87,39,11,2,1,1,hombegowda
28-01-2023,73,45,12,3,1,2,hombegowda
29-01-2023,82,27,10,5,1,2,hombegowda
30-01-2023,62,37,9,4,1,2,hombegowda
31-01-2023,71,40,10,3,1,1,hombegowda
01-02-2023,76,47,13,4,1,2,hombegowda
02-02-2023,84,30,14,7,2,4,hombegowda
03-02-2023,87,37,16,3,1,2,hombegowda
04-02-2023,56,24,14,5,2,3,hombegowda
05-02-2023,39,29,9,5,1,2,hombegowda
06-02-2023,47,20,9,4,1,2,hombegowda
07-02-2023,34,17,9,4,1,1,hombegowda
08-02-2023,28,19,7,4,1,1,hombegowda
01-09-2023,103,73,40,20,4,4,hebbal
01-08-2023,85,83,32,16,4,3,hebbal
02-08-2023,97,83,57,19,4,3,hebbal
03-08-2023,98,80,48,22,5,3,hebbal
04-08-2023,115,74,20,19,5,3,hebbal
05-08-2023,87,77,14,19,5,3,hebbal
06-08-2023,91,75,7,16,4,3,hebbal
07-08-2023,131,79,16,21,5,3,hebbal
08-08-2023,145,68,19,20,5,3,hebbal
09-08-2023,104,80,8,17,5,4,hebbal
10-08-2023,129,78,6,17,5,3,hebbal
11-08-2023,124,80,16,21,5,4,hebbal
12-08-2023,140,76,5,20,5,2,hebbal
13-08-2023,109,70,15,16,5,3,hebbal
14-08-2023,110,79,12,15,5,3,hebbal
15-08-2023,101,80,6,16,5,3,hebbal
16-08-2023,86,66,7,17,5,4,hebbal
17-08-2023,72,71,8,18,5,3,hebbal
18-08-2023,76,81,11,16,5,3,hebbal
19-08-2023,87,72,19,21,5,3,hebbal
20-08-2023,127,76,11,17,5,2,hebbal
21-08-2023,137,69,17,16,5,3,hebbal
22-08-2023,136,70,10,15,5,3,hebbal
23-08-2023,121,76,11,17,5,3,hebbal
24-08-2023,129,72,8,18,5,3,hebbal
25-08-2023,123,73,7,14,5,3,hebbal
26-08-2023,126,77,6,13,5,2,hebbal
27-08-2023,147,70,15,20,5,4,hebbal
28-08-2023,115,65,22,14,5,2,hebbal
29-08-2023,116,68,19,24,4,3,hebbal
30-08-2023,126,66,14,17,5,3,hebbal
31-08-2023,117,68,18,16,5,3,hebbal
01-07-2023,125,57,7,11,5,3,hebbal
02-07-2023,102,65,17,16,5,4,hebbal
03-07-2023,125,68,8,14,5,4,hebbal
04-07-2023,119,76,15,13,4,3,hebbal
05-07-2023,142,76,28,7,4,2,hebbal
06-07-2023,156,46,7,12,4,1,hebbal
07-07-2023,101,53,9,10,4,3,hebbal
08-07-2023,87,45,6,6,4,2,hebbal
09-07-2023,92,45,6,5,4,3,hebbal
10-07-2023,89,45,7,7,5,4,hebbal
11-07-2023,59,65,8,7,5,4,hebbal
15-07-2023,63,53,13,8,5,3,hebbal
16-07-2023,60,56,8,8,5,3,hebbal
17-07-2023,62,51,9,7,5,3,hebbal
18-07-2023,57,71,18,12,4,4,hebbal
19-07-2023,79,67,16,8,4,3,hebbal
20-07-2023,95,52,18,6,4,2,hebbal
21-07-2023,110,47,21,5,5,2,hebbal
22-07-2023,68,65,23,5,2,4,hebbal
23-07-2023,58,29,18,6,1,2,hebbal
24-07-2023,60,44,48,9,1,3,hebbal
25-07-2023,81,50,69,6,1,2,hebbal
27-07-2023,93,50,25,5,1,2,hebbal
28-07-2023,132,73,35,8,1,2,hebbal
29-07-2023,134,98,27,13,1,4,hebbal
30-07-2023,173,65,8,14,1,3,hebbal
31-07-2023,116,64,6,15,1,2,hebbal
03-04-2023,128,60,9,17,1,3,hebbal
04-04-2023,126,56,6,9,1,2,hebbal
05-04-2023,117,76,20,14,1,3,hebbal
06-04-2023,149,57,13,11,1,3,hebbal
07-04-2023,112,33,4,10,1,3,hebbal
08-04-2023,59,44,2,11,1,3,hebbal
09-04-2023,72,48,2,11,1,4,hebbal
10-04-2023,70,51,3,11,1,3,hebbal
11-04-2023,86,56,6,11,1,3,hebbal
12-04-2023,114,74,7,11,2,3,hebbal
13-04-2023,144,67,10,11,1,3,hebbal
14-04-2023,133,72,8,10,1,3,hebbal
15-04-2023,142,66,3,10,1,3,hebbal
16-04-2023,133,73,12,9,1,2,hebbal
17-04-2023,155,46,5,9,1,3,hebbal
18-04-2023,126,69,9,12,1,3,hebbal
19-04-2023,138,68,9,9,1,2,hebbal
20-04-2023,142,66,12,8,1,2,hebbal
21-04-2023,135,45,2,8,1,2,hebbal
22-04-2023,96,24,2,6,1,2,hebbal
23-04-2023,49,37,1,11,1,3,hebbal
24-04-2023,71,62,1,12,1,2,hebbal
25-04-2023,157,81,34,14,1,3,hebbal
26-04-2023,163,72,4,14,1,3,hebbal
27-04-2023,143,58,1,14,1,3,hebbal
28-04-2023,100,42,1,13,1,3,hebbal
29-04-2023,58,37,1,11,1,3,hebbal
30-04-2023,45,69,2,13,1,3,hebbal
01-05-2023,81,74,14,12,1,2,hebbal
02-05-2023,132,75,6,14,1,2,hebbal
03-05-2023,135,75,26,9,2,2,hebbal
04-05-2023,111,67,34,7,2,2,hebbal
05-05-2023,78,16,19,5,2,2,hebbal
06-05-2023,20,12,5,31,1,3,hebbal
07-05-2023,20,33,12,21,1,3,hebbal
08-05-2023,170,33,5,17,2,2,hebbal
09-05-2023,84,36, ,13,2,4,hebbal
10-05-2023,45,51,4,18,2,3,hebbal
11-05-2023,61,62,8,19,2,4,hebbal
12-05-2023,73,62,11,17,2,3,hebbal
13-05-2023,72,72,15,12,1,2,hebbal
14-05-2023,116,74,13,17,1,3,hebbal
15-05-2023,86,64,24,19,2,4,hebbal
16-05-2023,75,54,17,15,2,3,hebbal
17-05-2023,63,55,25,16,2,3,hebbal
18-05-2023,64,68,20,13,2,3,hebbal
19-05-2023,117,64,25,14,2,3,hebbal
22-05-2023,74,44,6,9,2,2,hebbal
23-05-2023,53,29,6,17,2,4,hebbal
24-05-2023,36,40,6,14,2,3,hebbal
25-05-2023,69,46,5,14,1,3,hebbal
26-05-2023,54,46,29,17,1,4,hebbal
27-05-2023,56,52,22,17,1,4,hebbal
28-05-2023,62,61,13,14,1,3,hebbal
29-05-2023,113,61,13,13,1,3,hebbal
30-05-2023,71,64,26,17,2,3,hebbal
31-05-2023,58,52,8,3,3,5,hebbal
01-06-2023,67,47,8,4,3,2,hebbal
02-06-2023,62,32,8,4,3,2,hebbal
03-06-2023,47,32,7,4,1,3,hebbal
04-06-2023,53,34,7,4,2,2,hebbal
05-06-2023,55,31,7,4,3,2,hebbal
06-06-2023,56,34,1,5,3,2,hebbal
07-06-2023,60,34,1,5,1,3,hebbal
08-06-2023,59,27,2,4,1,2,hebbal
09-06-2023,50,33,4,4,1,2,hebbal
10-06-2023,58,54,6,3,1,2,hebbal
11-06-2023,57,30,5,4,1,2,hebbal
12-06-2023,51,36,3,4,1,2,hebbal
13-06-2023,55,32,3,5,1,3,hebbal
14-06-2023,54,25,1,4,1,1,hebbal
15-06-2023,52,30,3,5,1,2,hebbal
16-06-2023,59,43,8,7,1,2,hebbal
17-06-2023,61,47,7,5,1,2,hebbal
18-06-2023,61,38,8,5,1,3,hebbal
19-06-2023,54,48,4,5,2,3,hebbal
20-06-2023,65,43,7,7,2,2,hebbal
21-06-2023,65,36,3,6,2,2,hebbal
22-06-2023,56,40,10,4,2,2,hebbal
23-06-2023,60,39,6,5,2,2,hebbal
24-06-2023,55,39,6,11,2,3,hebbal
25-06-2023,72,51,12,4,2,4,hebbal
26-06-2023,93,60,6,6,1,3,hebbal
27-06-2023,102,33,9,8,2,2,hebbal
28-06-2023,57,34,6,8,1,4,hebbal
29-06-2023,70,29,8,9,1,3,hebbal
30-06-2023,53,27,8,9,2,3,hebbal
02-01-2023,54,28,6,6,2,3,hebbal
03-01-2023,66,30,6,9,2,3,hebbal
04-01-2023,66,25,6,6,2,2,hebbal
05-01-2023,54,25,7,6,1,2,hebbal
06-01-2023,52,26,4,6,1,2,hebbal
07-01-2023,46,35,5,6,1,2,hebbal
08-01-2023,55,42,5,7,2,2,hebbal
09-01-2023,54,46,8,7,2,3,hebbal
10-01-2023,60,41,8,8,1,2,hebbal
11-01-2023,56,37,4,9,2,2,hebbal
16-01-2023,50,36,4,6,2,2,hebbal
17-01-2023,54,37,6,4,1,2,hebbal
18-01-2023,56,38,6,7,2,2,hebbal
19-01-2023,54,48,8,4,2,3,hebbal
20-01-2023,67,49,10,6,2,3,hebbal
21-01-2023,67,42,7,6,2,2,hebbal
22-01-2023,52,42,6,4,2,2,hebbal
23-01-2023,58,43,9,8,2,3,hebbal
24-01-2023,61,34,5,6,2,3,hebbal
25-01-2023,54,33,5,4,2,3,hebbal
26-01-2023,56,36,8,8,1,2,hebbal
27-01-2023,62,31,8,8,2,2,hebbal
28-01-2023,54,33,8,8,2,2,hebbal
29-01-2023,56,28,5,6,2,2,hebbal
30-01-2023,40,24,9,9,2,3,hebbal
31-01-2023,48,23,8,5,2,2,hebbal
01-02-2023,46,34,5,4,2,2,hebbal
02-02-2023,60,33,4,7,1,2,hebbal
03-02-2023,85,35,3,6,1,3,hebbal
04-02-2023,70,49,7,4,1,4,hebbal
05-02-2023,84,59,15,5,1,3,hebbal
06-02-2023,113,29,7,5,1,3,hebbal
07-02-2023,68,30,8,5,1,3,hebbal
08-02-2023,61,30,7,5,1,3,hebbal
01-09-2023,71,73,12,21,2,8,city railway
01-08-2023,68,71,12,14,1,8,city railway
02-08-2023,72,68,11,16,2,9,city railway
03-08-2023,65,62,10,20,2,8,city railway
04-08-2023,107,70,10,22,2,9,city railway
05-08-2023,268,77,10,20,2,8,city railway
06-08-2023,129,72,10,20,2,8,city railway
07-08-2023,118,78,10,19,2,9,city railway
08-08-2023,88,69,10,17,2,9,city railway
09-08-2023,86,69,10,15,2,8,city railway
10-08-2023,86,64,10,29,2,9,city railway
11-08-2023,79,61,10,21,2,9,city railway
12-08-2023,63,71,10,24,2,8,city railway
13-08-2023,84,95,12,21,2,8,city railway
14-08-2023,117,106,10,17,2,8,city railway
15-08-2023,75,98,15,17,2,8,city railway
16-08-2023,68,89,15,17,2,9,city railway
17-08-2023,73,103,15,20,4,11,city railway
18-08-2023,68,100,25,18,3,18,city railway
19-08-2023,55,90,20,21,4,17,city railway
20-08-2023,51,110,18,18,4,17,city railway
21-08-2023,48,98,14,17,4,17,city railway
22-08-2023,50,110,14,14,4,18,city railway
23-08-2023,58,117,14,16,4,17,city railway
24-08-2023,97,113,13,16,3,13,city railway
25-08-2023,89,109,11,19,2,6,city railway
26-08-2023,78,109,11,16,2,8,city railway
27-08-2023,69,125,17,21,2,10,city railway
28-08-2023,67,111,18,25,1,12,city railway
29-08-2023,57,106,20,16,2,10,city railway
30-08-2023,58,104,22,16,2,11,city railway
31-08-2023,54,105,22,20,2,11,city railway
01-07-2023,64,98,28,17,2,12,city railway
02-07-2023,70,98,26,17,2,12,city railway
03-07-2023,73,100,23,16,2,12,city railway
04-07-2023,70,94,13,17,2,11,city railway
05-07-2023,59,94,12,14,2,10,city railway
06-07-2023,61,115,12,10,2,11,city railway
07-07-2023,86,89,12,16,2,12,city railway
08-07-2023,85,83,13,13,1,11,city railway
09-07-2023,93,100,14,15,2,11,city railway
10-07-2023,148,84,14,12,1,11,city railway
11-07-2023,109,96,13,12,2,13,city railway
15-07-2023,123,90,13,11,2,12,city railway
16-07-2023,88,93,12,11,2,11,city railway
17-07-2023,74,94,13,13,2,11,city railway
18-07-2023,72,89,12,15,2,11,city railway
19-07-2023,70,83,13,17,2,12,city railway
20-07-2023,105,101,12,15,2,11,city railway
21-07-2023,99,107,13,15,2,12,city railway
22-07-2023,101,96,12,17,2,12,city railway
23-07-2023,109,95,12,17,1,12,city railway
24-07-2023,119,102,13,17,2,10,city railway
25-07-2023,111,104,28,19,2,10,city railway
27-07-2023,103,92,18,14,3,11,city railway
28-07-2023,106,80,18,14,2,11,city railway
29-07-2023,107,75,17,16,1,12,city railway
30-07-2023,112,72,19,17,2,10,city railway
31-07-2023,98,85,20,16,2,11,city railway
03-04-2023,85,130,17,16,2,11,city railway
04-04-2023,81,101,15,19,1,12,city railway
05-04-2023,84,120,13,58,3,11,city railway
06-04-2023,74,90,13,73,1,9,city railway
07-04-2023,68,112,19,88,2,13,city railway
08-04-2023,57,96,20,52,3,10,city railway
09-04-2023,57,100,30,25,2,10,city railway
10-04-2023,57,102,34,20,2,8,city railway
11-04-2023,57,108,27,33,3,12,city railway
12-04-2023,57,122,25,32,5,10,city railway
13-04-2023,57,128,23,28,12,8,city railway
14-04-2023,57,116,24,26,5,14,city railway
15-04-2023,57,103,20,16,1,16,city railway
16-04-2023,57,87,19,16,3,17,city railway
17-04-2023,57,79,17,18,3,17,city railway
18-04-2023,57,75,16,24,1,14,city railway
19-04-2023,57,72,19,38,6,16,city railway
20-04-2023,57,90,27,26,2,19,city railway
21-04-2023,57,80,21,29,3,15,city railway
22-04-2023,57,99,18,34,2,15,city railway
23-04-2023,57,109,20,28,2,17,city railway
24-04-2023,57,104,16,16,6,16,city railway
25-04-2023,57,105,21,31,4,15,city railway
26-04-2023,57,108,17,36,4,18,city railway
27-04-2023,57,108,28,28,2,17,city railway
28-04-2023,74,119,32,22,5,14,city railway
29-04-2023,92,122,24,18,2,16,city railway
30-04-2023,84,80,22,21,5,32,city railway
01-05-2023,88,52,26,21,2,12,city railway
02-05-2023,106,44,23,20,3,11,city railway
03-05-2023,96,56,21,17,3,9,city railway
04-05-2023,66,53,19,31,3,12,city railway
05-05-2023,45,40,5,25,3,12,city railway
06-05-2023,15,50,4,23,3,12,city railway
07-05-2023,15,58,23,19,2,12,city railway
08-05-2023,42,57,15,17,3,9,city railway
09-05-2023,48,60,24,19,2,11,city railway
10-05-2023,26,56,20,24,3,12,city railway
11-05-2023,40,52,17,23,3,11,city railway
12-05-2023,45,45,24,23,2,11,city railway
13-05-2023,52,43,22,19,3,11,city railway
14-05-2023,66,38,22,25,3,11,city railway
15-05-2023,112,41,17,19,2,10,city railway
16-05-2023,88,57,12,25,3,11,city railway
17-05-2023,88,74,16,36,3,14,city railway
18-05-2023,123,119,16,20,3,12,city railway
19-05-2023,121,124,15,29,3,15,city railway
22-05-2023,76,159,12,21,4,21,city railway
23-05-2023,54,110,12,18,4,20,city railway
24-05-2023,59,79,13,23,4,22,city railway
25-05-2023,74,88,12,48,4,21,city railway
26-05-2023,63,113,13,36,3,20,city railway
27-05-2023,66,91,13,32,3,20,city railway
28-05-2023,56,66,11,29,2,19,city railway
29-05-2023,107,67,11,33,2,21,city railway
30-05-2023,27,64,13,32,2,17,city railway
31-05-2023,62,73,12,28,2,16,city railway
01-06-2023,109,62,11,34,2,10,city railway
02-06-2023,70,67,11,25,2,8,city railway
03-06-2023,320,64,11,33,2,7,city railway
04-06-2023,37,74,11,29,2,8,city railway
05-06-2023,58,75,11,36,2,9,city railway
06-06-2023,118,65,12,31,2,8,city railway
07-06-2023,118,41,10,44,2,9,city railway
08-06-2023,129,51,10,40,2,11,city railway
09-06-2023,139,58,10,55,2,19,city railway
10-06-2023,143,71,11,45,2,19,city railway
11-06-2023,153,68,10,59,2,16,city railway
12-06-2023,127,79,10,38,3,12,city railway
13-06-2023,123,68,12,36,3,11,city railway
14-06-2023,141,67,13,38,3,10,city railway
15-06-2023,134,61,16,30,3,11,city railway
16-06-2023,118,63,14,23,3,11,city railway
17-06-2023,19,59,13,34,3,12,city railway
18-06-2023,49,68,14,30,3,12,city railway
19-06-2023,30,67,13,52,3,14,city railway
20-06-2023,88,81,10,38,3,12,city railway
21-06-2023,83,63,11,40,3,12,city railway
22-06-2023,72,63,17,37,3,13,city railway
23-06-2023,70,49,21,39,3,12,city railway
24-06-2023,63,49,26,42,3,13,city railway
25-06-2023,63,60,26,41,3,12,city railway
26-06-2023,63,70,14,48,3,12,city railway
27-06-2023,63,74,14,51,3,12,city railway
28-06-2023,63,68,28,48,3,11,city railway
29-06-2023,63,59,19,45,3,12,city railway
30-06-2023,63,64,15,39,3,9,city railway
02-01-2023,63,64,14,25,3,11,city railway
03-01-2023,63,44,14,37,2,11,city railway
04-01-2023,63,27,26,47,3,10,city railway
05-01-2023,63,77,26,36,3,10,city railway
06-01-2023,63,66,22,42,3,12,city railway
07-01-2023,58,77,39,25,3,11,city railway
08-01-2023,71,62,27,32,3,12,city railway
09-01-2023,77,77,9,38,3,11,city railway
10-01-2023,82,73,13,55,3,10,city railway
11-01-2023,82,84,18,58,3,11,city railway
16-01-2023,81,86,16,50,3,11,city railway
17-01-2023,78,95,15,42,3,11,city railway
18-01-2023,73,81,14,58,3,10,city railway
19-01-2023,87,97,12,49,3,13,city railway
20-01-2023,41,105,17,38,2,12,city railway
21-01-2023,43,72,22,79,1,11,city railway
22-01-2023,47,58,25,46,1,12,city railway
23-01-2023,78,74,31,36,2,11,city railway
24-01-2023,117,69,34,51,2,10,city railway
25-01-2023,127,74,32,36,2,11,city railway
26-01-2023,120,68,27,37,6,12,city railway
27-01-2023,114,68,21,26,4,11,city railway
28-01-2023,118,61,19,33,2,10,city railway
29-01-2023,104,60,17,37,2,10,city railway
30-01-2023,100,65,17,28,1,11,city railway
31-01-2023,115,64,31,21,2,11,city railway
01-02-2023,91,77,16,18,1,11,city railway
02-02-2023,92,74,31,22,2,11,city railway
03-02-2023,87,70,25,19,2,10,city railway
04-02-2023,89,67,11,26,2,10,city railway
05-02-2023,149,78,15,17,2,8,city railway
06-02-2023,86,86,16,24,3,11,city railway
07-02-2023,91,78,14,21,3,11,city railway
08-02-2023,90,70,19,16,3,9,city railway
01-09-2023,29,80,17,11,2,2,bwssb
01-08-2023,29,71,4,11,2,3,bwssb
02-08-2023,37,73,10,11,2,3,bwssb
03-08-2023,35,69,11,11,1,3,bwssb
04-08-2023,33,82,12,11,1,3,bwssb
05-08-2023,44,84,23,12,3,3,bwssb
06-08-2023,60,67,11,11,2,4,bwssb
07-08-2023,78,65,13,11,1,3,bwssb
08-08-2023,56,60,29,11,2,3,bwssb
09-08-2023,59,61,22,11,2,3,bwssb
10-08-2023,57,51,21,11,2,3,bwssb
11-08-2023,35,58,2,11,2,2,bwssb
12-08-2023,59,58,6,10,2,3,bwssb
13-08-2023,64,58,8,10,2,3,bwssb
14-08-2023,65,74,10,10,1,3,bwssb
15-08-2023,54,70,26,10,1,3,bwssb
16-08-2023,16,69,16,10,1,4,bwssb
17-08-2023,16,82,11,10,3,3,bwssb
18-08-2023,14,85,2,11,2,3,bwssb
19-08-2023,16,81,3,11,2,4,bwssb
20-08-2023,11,74,17,11,3,3,bwssb
21-08-2023,30,57,22,12,2,3,bwssb
22-08-2023,39,75,20,12,2,3,bwssb
23-08-2023,44,78,27,12,1,3,bwssb
24-08-2023,67,76,41,10,2,3,bwssb
25-08-2023,74,71,24,8,3,5,bwssb
26-08-2023,67,67,24,9,3,4,bwssb
27-08-2023,79,75,28,9,2,4,bwssb
28-08-2023,90,91,4,9,4,5,bwssb
29-08-2023,66,85,17,6,1,4,bwssb
30-08-2023,69,92,6,6,2,4,bwssb
31-08-2023,77,68,28,6,2,4,bwssb
01-07-2023,109,79,48,7,1,4,bwssb
02-07-2023,90,47,57,7,4,4,bwssb
03-07-2023,87,69,60,7,4,5,bwssb
04-07-2023,92,93,46,7,3,5,bwssb
05-07-2023,77,89,60,6,2,5,bwssb
06-07-2023,76,77,56,14,5,4,bwssb
07-07-2023,84,63,35,20,2,5,bwssb
08-07-2023,98,7,30,19,1,4,bwssb
09-07-2023,81,54,51,20,3,5,bwssb
10-07-2023,101,80,40,19,3,4,bwssb
11-07-2023,87,90,7,21,3,4,bwssb
15-07-2023,144,86,56,20,3,4,bwssb
16-07-2023,93,96,51,21,1,4,bwssb
17-07-2023,114,109,54,20,2,4,bwssb
18-07-2023,94,91,48,16,5,5,bwssb
19-07-2023,98,89,39,13,3,5,bwssb
20-07-2023,69,80,49,23,2,8,bwssb
21-07-2023,85,61,49,19,2,5,bwssb
22-07-2023,87,60,34,16,1,4,bwssb
23-07-2023,85,56,33,17,1,4,bwssb
24-07-2023,67,53,16,16,1,4,bwssb
25-07-2023,75,67,3,17,1,4,bwssb
27-07-2023,78,42,17,19,2,5,bwssb
28-07-2023,92,46,20,17,1,5,bwssb
29-07-2023,79,57,36,22,1,5,bwssb
30-07-2023,75,49,17,21,2,4,bwssb
31-07-2023,105,52,36,18,1,4,bwssb
03-04-2023,79,55,27,17,1,5,bwssb
04-04-2023,76,66,13,16,1,5,bwssb
05-04-2023,56,66,23,14,2,5,bwssb
06-04-2023,57,75,15,18,2,5,bwssb
07-04-2023,72,74,14,25,2,1,bwssb
08-04-2023,68,69,3,20,2,4,bwssb
09-04-2023,80,70,13,17,2,4,bwssb
10-04-2023,76,57,13,14,2,4,bwssb
11-04-2023,97,59,44,16,1,5,bwssb
12-04-2023,54,80,23,16,4,5,bwssb
13-04-2023,75,65,16,16,1,5,bwssb
14-04-2023,78,73,19,14,1,4,bwssb
15-04-2023,57,61,5,18,3,5,bwssb
16-04-2023,85,60,14,22,1,5,bwssb
17-04-2023,217,55,11,18,1,5,bwssb
18-04-2023,66,53,20,16,1,4,bwssb
19-04-2023,40,60,26,16,1,5,bwssb
20-04-2023,55,52,25,16,1,5,bwssb
21-04-2023,49,66,6,12,1,5,bwssb
22-04-2023,69,78,12,14,3,5,bwssb
23-04-2023,39,92,13,14,1,4,bwssb
24-04-2023,45,73,14,13,2,5,bwssb
25-04-2023,38,38,8,13,2,4,bwssb
26-04-2023,43,53,13,14,1,5,bwssb
27-04-2023,67,61,20,14,1,5,bwssb
28-04-2023,73,69,10,13,1,5,bwssb
29-04-2023,65,123,5,13,1,4,bwssb
30-04-2023,64,136,10,13,1,5,bwssb
01-05-2023,53,140,7,13,1,5,bwssb
02-05-2023,55,84,4,13,1,5,bwssb
03-05-2023,52,70,5,12,1,4,bwssb
04-05-2023,53,90,7,12,1,4,bwssb
05-05-2023,59,70,5,12,1,4,bwssb
06-05-2023,63,60,4,12,1,4,bwssb
07-05-2023,54,77,4,11,2,4,bwssb
08-05-2023,55,85,3,11,2,4,bwssb
09-05-2023,54,73,4,11,2,4,bwssb
10-05-2023,68,88,3,12,2,4,bwssb
11-05-2023,61,87,5,12,2,5,bwssb
12-05-2023,61,89,7,9,2,5,bwssb
13-05-2023,65,100,8,8,1,4,bwssb
14-05-2023,61,97,10,8,1,4,bwssb
15-05-2023,51,93,8,8,1,4,bwssb
16-05-2023,52,66,8,8,1,4,bwssb
17-05-2023,59,68,8,8,1,4,bwssb
18-05-2023,56,76,10,8,1,5,bwssb
19-05-2023,56,72,9,10,1,5,bwssb
22-05-2023,61,72,8,12,1,3,bwssb
23-05-2023,61,82,10,13,1,3,bwssb
24-05-2023,57,58,5,12,1,3,bwssb
25-05-2023,39,60,5,12,1,3,bwssb
26-05-2023,31,69,3,12,1,2,bwssb
27-05-2023,37,77,6,11,2,3,bwssb
28-05-2023,23,76,4,12,1,2,bwssb
29-05-2023,45,79,11,11,1,3,bwssb
30-05-2023,42,67,5,13,2,3,bwssb
31-05-2023,44,62,4,13,2,3,bwssb
01-06-2023,81,102,31,11,1,9,bwssb
02-06-2023,92,110,40,11,1,9,bwssb
03-06-2023,93,87,33,10,2,9,bwssb
04-06-2023,93,60,33,11,3,9,bwssb
05-06-2023,99,52,47,11,2,9,bwssb
06-06-2023,105,55,26,7,2,9,bwssb
07-06-2023,93,34,35,13,1,9,bwssb
08-06-2023,110,85,72,13,1,5,bwssb
09-06-2023,181,86,60,14,1,1,bwssb
10-06-2023,83,70,33,8,1,1,bwssb
11-06-2023,70,65,35,6,1,1,bwssb
12-06-2023,71,52,36,6,1,1,bwssb
13-06-2023,68,68,37,9,1,1,bwssb
14-06-2023,79,75,34,23,3,1,bwssb
15-06-2023,70,79,29,12,1,5,bwssb
16-06-2023,69,92,29,4,4,6,bwssb
17-06-2023,69,95,11,30,1,1,bwssb
18-06-2023,57,90,13,36,2,2,bwssb
19-06-2023,47,98,12,16,3,5,bwssb
20-06-2023,32,115,28,5,3,4,bwssb
21-06-2023,57,123,32,5,1,5,bwssb
22-06-2023,110,124,30,5,1,3,bwssb
23-06-2023,59,102,39,5,1,2,bwssb
24-06-2023,80,89,40,5,1,5,bwssb
25-06-2023,76,75,38,5,1,3,bwssb
26-06-2023,75,78,41,5,1,5,bwssb
27-06-2023,79,78,54,5,1,2,bwssb
28-06-2023,81,95,53,5,1,1,bwssb
29-06-2023,85,82,51,5,3,5,bwssb
30-06-2023,116,76,11,5,1,5,bwssb
02-01-2023,92,82,10,5,1,5,bwssb
03-01-2023,85,84,46,5,1,6,bwssb
04-01-2023,68,79,22,6,2,13,bwssb
05-01-2023,76,87,23,4,2,5,bwssb
06-01-2023,96,96,36,25,2,4,bwssb
07-01-2023,107,92,16,20,1,4,bwssb
08-01-2023,118,83,10,16,1,4,bwssb
09-01-2023,112,37,22,10,3,5,bwssb
10-01-2023,106,20,17,14,1,5,bwssb
11-01-2023,98,26,18,20,2,4,bwssb
16-01-2023,99,48,23,20,2,5,bwssb
17-01-2023,106,31,14,20,2,5,bwssb
18-01-2023,93,48,13,15,1,4,bwssb
19-01-2023,74,46,10,11,1,4,bwssb
20-01-2023,59,51,17,9,1,4,bwssb
21-01-2023,64,47,12,14,1,5,bwssb
22-01-2023,64,40,16,14,1,4,bwssb
23-01-2023,65,28,18,25,3,5,bwssb
24-01-2023,105,36,13,17,2,5,bwssb
25-01-2023,74,55,22,12,1,4,bwssb
26-01-2023,73,44,21,11,1,5,bwssb
27-01-2023,78,48,28,13,2,5,bwssb
28-01-2023,80,55,14,10,1,5,bwssb
29-01-2023,72,58,6,8,3,5,bwssb
30-01-2023,52,81,5,8,2,5,bwssb
31-01-2023,40,94,22,13,3,5,bwssb
01-02-2023,67,63,43,7,2,4,bwssb
02-02-2023,101,48,47,7,4,5,bwssb
03-02-2023,73,48,45,7,2,5,bwssb
04-02-2023,77,35,44,8,5,4,bwssb
05-02-2023,82,55,27,8,3,4,bwssb
06-02-2023,81,64,27,8,1,5,bwssb
07-02-2023,96,80,33,7,5,5,bwssb
08-02-2023,91,93,30,6,7,4,bwssb
